{"type": "FeatureCollection", "features": [{"type": "Feature", "properties": {"state": "Abia", "lon": 7.484, "lat": 5.413}, "geometry": {"type": "Polygon", "coordinates": [[[7.462831975000029, 4.981770040000072], [7.4758958820000885, 4.947173119000013], [7.46547079100003, 4.901902199999995], [7.494377135999969, 4.847426892000044], [7.4929780960000585, 4.815400124000121], [7.410918235000054, 4.869151115000079], [7.38171720400004, 4.862266063000106], [7.3287019730000225, 4.8820881840001675], [7.1988530160001005, 4.861691951000012], [7.153150081000035, 4.90537977300005], [7.1779508590000205, 4.983164788000181], [7.2718329430000495, 5.121137143000055], [7.270939826000131, 5.16614103400002], [7.251496792000069, 5.194744110000158], [7.301548958000183, 5.360789776000161], [7.4042811390001475, 5.532295227000077], [7.403871060000085, 5.63588714600013], [7.379574776000084, 5.675518989000182], [7.399396895000166, 5.687871933000167], [7.385564804000069, 5.8468279840001856], [7.368855954000139, 5.870182037999996], [7.282513141000152, 5.899106026000084], [7.250124931000187, 5.9263119700001425], [7.292642116000081, 5.983370782000179], [7.363714218000155, 6.0206799499999875], [7.373388767000108, 6.008293152000078], [7.495221137999977, 6.018214226999987], [7.528351783000062, 5.996655942000189], [7.526593208000122, 5.844422818000169], [7.54179191500009, 5.827785016000007], [7.779910088000065, 5.804117202000157], [7.804367065000122, 5.731490136000048], [7.895256996000057, 5.669498921000184], [7.8882207860000335, 5.548039913000025], [7.9620451929999945, 5.372371196000074], [7.952261925000187, 5.3526968960000545], [7.897148132000041, 5.365021229000035], [7.76806306800006, 5.455500126000118], [7.739440916999968, 5.513432981000108], [7.645444870000063, 5.525876999000161], [7.649370194000085, 5.45429420500011], [7.619643211000096, 5.371748924000087], [7.660895824000022, 5.367124080000053], [7.649641037000038, 5.327633857000137], [7.637863160000165, 5.313069820000123], [7.539549828000133, 5.315670014000148], [7.521747113000174, 5.299824239000088], [7.537899971000115, 5.2561779030000935], [7.5183768280001, 5.162151813000094], [7.528644084000177, 5.082848072000047], [7.462831975000029, 4.981770040000072]]]}}, {"type": "Feature", "properties": {"state": "Adamawa", "lon": 12.358, "lat": 9.24}, "geometry": {"type": "Polygon", "coordinates": [[[12.250724792000028, 8.172621726000045], [12.21127700900007, 8.106554032000133], [12.223188400000026, 8.014731407000113], [12.207089425000163, 7.97238731300007], [12.132184028000097, 7.870222091000187], [12.088475227000174, 7.836421967000092], [12.031875610000043, 7.730210782000029], [12.026992798000151, 7.665258884000082], [12.007757187000095, 7.6618795400000295], [12.020506859000022, 7.5397281640001665], [12.034343720000152, 7.521106719000102], [11.96035003600008, 7.4949960710001164], [11.915987014000109, 7.444363118000183], [11.89620590200019, 7.458443165000119], [11.847601889999964, 7.64314413000011], [11.857042312000033, 7.731558800000187], [11.805515290000073, 7.805915832000096], [11.695350648000044, 7.918499948000147], [11.647727966000048, 7.943618775000061], [11.621290207000072, 7.937424182000086], [11.575552940000023, 7.872815132000085], [11.531624794000152, 7.840829849000102], [11.440954207000061, 7.955886840000176], [11.400132179000138, 8.06436729600017], [11.413492203000146, 8.089674949000027], [11.623685837000039, 8.306682588000001], [11.763179779000097, 8.491947174000188], [11.862067222999997, 8.575984955000024], [11.862915040000075, 8.702215195000065], [11.95977401600004, 8.886054992000027], [11.975887299000021, 8.944297791000054], [11.939002038000126, 9.034943580999993], [11.87221908600003, 9.058594703999972], [11.829197883000177, 9.105801582000026], [11.831121445000178, 9.202289581000116], [11.746267319000026, 9.359952926000119], [11.637437819000127, 9.397926330000189], [11.525921821000168, 9.592028618000086], [11.680434227000148, 9.629461289999995], [11.92515754700014, 9.784257889000116], [11.942939758000023, 9.821557999000106], [11.945551872000124, 10.044760703000122], [12.04794216200014, 10.029216767000094], [12.165317535000042, 10.053417206000006], [12.22093772900007, 10.100946426000121], [12.38129329600008, 10.302644729999997], [12.523500442000113, 10.324380876000077], [12.618826866000063, 10.359990120000134], [12.658279420000156, 10.401780127999984], [12.671483994000084, 10.444445610000002], [12.763087274000156, 10.46489715500013], [12.798849105000158, 10.524038314000052], [12.873454093000134, 10.582102775000067], [13.011066437000181, 10.56946563800011], [13.099069595000117, 10.528099060000159], [13.144959449999988, 10.478434562000132], [13.184227943000053, 10.460021019000067], [13.22255420700003, 10.443702697000106], [13.293533325000055, 10.443913460000033], [13.31199169200005, 10.46344852500016], [13.33592128700019, 10.587402343000178], [13.399367332000168, 10.73631000600011], [13.418107987000099, 10.929787637000118], [13.468030929000179, 10.936576843000125], [13.538529396000115, 10.906577110000171], [13.600993157000175, 10.91131305700003], [13.691699983000035, 10.938963890000025], [13.694741248000014, 10.966831208000087], [13.724404335000031, 10.981472016000168], [13.708013535000134, 10.97204494500005], [13.72793197599998, 10.923343658000078], [13.71387577000013, 10.859918595000067], [13.671244622000131, 10.818273544000022], [13.65189170800005, 10.820580482000139], [13.63697528900019, 10.792360305000102], [13.655187607000187, 10.784294129000102], [13.621281623000186, 10.718982697000058], [13.586972236000122, 10.70483970600003], [13.570919036000078, 10.63473510900019], [13.545849800999974, 10.61833000200005], [13.573973656000021, 10.535323143000028], [13.527542113000095, 10.479068757000107], [13.53624630100012, 10.42367267600008], [13.494111061000126, 10.391013145999977], [13.498349190000056, 10.339501382000094], [13.482142448000047, 10.33539676700019], [13.487435341000037, 10.29540062000018], [13.465642930000001, 10.246206283000049], [13.483187675000124, 10.201330185000131], [13.469137191000016, 10.194316864000086], [13.467485428999964, 10.163991928000087], [13.424302101000137, 10.13082981100007], [13.357240678000153, 10.112760544000082], [13.342946052999991, 10.122792244000038], [13.247768403000123, 10.03577327700009], [13.247620583000128, 10.000475883000036], [13.287774085000137, 9.98019504500013], [13.27987671000011, 9.941511155000057], [13.236782073000029, 9.919707298000162], [13.242075919000001, 9.86403083900018], [13.299126625000099, 9.82768726400019], [13.258910180000157, 9.7776107790001], [13.25260925300006, 9.700293541000065], [13.229708672000186, 9.679098129000124], [13.22468948400001, 9.584912300000155], [13.207711219000089, 9.557841301000167], [13.161712646000069, 9.539917946000173], [13.034303665000095, 9.511322022000058], [12.97232437100007, 9.47112751000003], [12.936788558000103, 9.419313430000159], [12.871006966000095, 9.391368866000107], [12.864787102000093, 9.369921685000065], [12.84378433300003, 9.372720719000029], [12.914043427000138, 9.341486931000134], [12.916018485000166, 9.276828766000108], [12.883557319000147, 9.158617019000076], [12.897856712000134, 9.114781380000181], [12.803986550000047, 8.916487693000136], [12.818768501000022, 8.899023057000022], [12.807533264000028, 8.88629436600013], [12.815819739999995, 8.862853050000183], [12.80086135900001, 8.853323936000095], [12.819844246000116, 8.831068992999974], [12.785830497000177, 8.743083000000127], [12.720302582000045, 8.760772706000068], [12.701418877000037, 8.66792106600002], [12.67335510200013, 8.646726609000098], [12.615338325000153, 8.639071466000075], [12.57533264100016, 8.61398124800013], [12.48580169800016, 8.643450736000034], [12.464281082000184, 8.622154236000142], [12.432199479000019, 8.621337890000063], [12.465737343000114, 8.524367333000043], [12.42441463400013, 8.488599777000047], [12.376531600000078, 8.47959137000015], [12.335584641000082, 8.430500030000132], [12.2637624730001, 8.443392754000172], [12.247361182000077, 8.38592720100013], [12.264679909000165, 8.370116233000033], [12.238751411000123, 8.33907794900017], [12.257280350000144, 8.225474358000042], [12.250724792000028, 8.172621726000045]]]}}, {"type": "Feature", "properties": {"state": "Akwa Ibom", "lon": 7.781, "lat": 4.995}, "geometry": {"type": "MultiPolygon", "coordinates": [[[[8.320694001000163, 4.558195000000126], [8.3184720000001, 4.560695000000067], [8.32236000000006, 4.562361000000067], [8.320694001000163, 4.558195000000126]]], [[[8.272082000000125, 4.593194000000153], [8.260140000000035, 4.594306000000131], [8.264028000000053, 4.5990280000000325], [8.26430600000009, 4.602638000000127], [8.263472000000036, 4.603472000000011], [8.253195000000062, 4.605695000000139], [8.242360000000076, 4.605417000000045], [8.26264000000009, 4.603194000000144], [8.26375000000013, 4.600138000000072], [8.259861000000058, 4.595416000000171], [8.259861000000058, 4.59041800000017], [8.261806000000036, 4.589027000000158], [8.264862000000107, 4.589305000000081], [8.270972000000086, 4.592362000000037], [8.274860000000103, 4.587083000000064], [8.255971000000045, 4.568194000000005], [8.294860000000028, 4.573194000000001], [8.277917000000059, 4.5345830000001115], [8.100696000000028, 4.545972000000063], [7.924029000000189, 4.53902800000003], [7.9245820000001, 4.534027000000094], [7.737917000000095, 4.512640000000147], [7.732916000000046, 4.509862000000169], [7.73319400000014, 4.525139000000138], [7.680138111000076, 4.519306184000129], [7.6848611840001695, 4.5279169080001225], [7.691526889000045, 4.528194904000031], [7.704584120999982, 4.537640096000075], [7.70264005700011, 4.538196087000188], [7.650694000000044, 4.514862000000164], [7.649862000000098, 4.522082000000125], [7.644584179000162, 4.527638912000043], [7.645693779000112, 4.53180503800013], [7.652359962000048, 4.530416965000086], [7.656804085000147, 4.536527156000034], [7.680138111000076, 4.549306870000123], [7.6848611840001695, 4.552639009000075], [7.686526775000004, 4.55486106800015], [7.685973167000043, 4.55569505700015], [7.6451401710001505, 4.53236103100005], [7.643750191000095, 4.527638912000043], [7.64819400000016, 4.514306000000147], [7.633473000000151, 4.514028000000053], [7.662917000000107, 4.494305999999995], [7.609861000000137, 4.472917000000052], [7.574585000000127, 4.510971000000097], [7.583749000000012, 4.513194000000169], [7.589584000000173, 4.519584000000066], [7.5976380000000745, 4.514306000000147], [7.604583000000048, 4.516528000000164], [7.5895838750000735, 4.520415784000136], [7.560696126000096, 4.514028072000087], [7.54513788200012, 4.531249046000141], [7.551250934000166, 4.545971871000177], [7.59152793800007, 4.540415764000102], [7.602917194999975, 4.554305077000095], [7.6095829020000565, 4.549860001000184], [7.615139962000114, 4.557083130000137], [7.624862193000126, 4.560417176000158], [7.6265277860001675, 4.563470841000139], [7.607916831000125, 4.557083130000137], [7.609304904000112, 4.563748837000048], [7.60458278700014, 4.569861887999991], [7.611526966000156, 4.575138093000021], [7.610416889000021, 4.576250076999997], [7.593194009000172, 4.568471908000106], [7.608472825000092, 4.560970784000119], [7.590971947000185, 4.542915821000065], [7.583748817000071, 4.550694943000167], [7.533384736000187, 4.545693999999969], [7.522666000000072, 4.654311000000064], [7.5380930000000035, 4.723489000000086], [7.46547079100003, 4.901902199999995], [7.4758958820000885, 4.947173119000013], [7.462831975000029, 4.981770040000072], [7.528644084000177, 5.082848072000047], [7.5183768280001, 5.162151813000094], [7.537899971000115, 5.2561779030000935], [7.521747113000174, 5.299824239000088], [7.539549828000133, 5.315670014000148], [7.637863160000165, 5.313069820000123], [7.649641037000038, 5.327633857000137], [7.660895824000022, 5.367124080000053], [7.619643211000096, 5.371748924000087], [7.649370194000085, 5.45429420500011], [7.645444870000063, 5.525876999000161], [7.739440916999968, 5.513432981000108], [7.76806306800006, 5.455500126000118], [7.887790203000179, 5.377790927000035], [7.897148132000041, 5.365021229000035], [7.864755154000022, 5.323736192000126], [7.901565074000132, 5.258284091999997], [7.978592873000139, 5.267350197000098], [8.058699607000051, 5.223999023000033], [8.055176735000089, 5.091176034000057], [8.081545830000039, 5.00813484300005], [8.136596680000082, 4.928526878000071], [8.317776680000122, 4.752124787000014], [8.32430600000015, 4.6681950000000825], [8.308472999999992, 4.662361000000146], [8.32763800000015, 4.64152700000011], [8.30541700000009, 4.6101390000001174], [8.307639000000108, 4.594584000000054], [8.292084000000045, 4.576529000000107], [8.272082000000125, 4.593194000000153]]], [[[8.330973001000132, 4.637083000000132], [8.343194000000096, 4.603194000000144], [8.314027001000113, 4.587083000000064], [8.307082999000045, 4.610138999000185], [8.330973001000132, 4.637083000000132]]], [[[7.610138999000128, 4.472917000000052], [7.6131950000001325, 4.4723610009999675], [7.613749000000155, 4.470417000000168], [7.610973000000115, 4.469860000999972], [7.610138999000128, 4.472917000000052]]], [[[7.555973000000051, 4.503810000000158], [7.555695000000185, 4.504077000000052], [7.555973000000051, 4.504027000000178], [7.555973000000051, 4.503810000000158]]], [[[7.656804000000022, 4.510693000000174], [7.732638000000122, 4.509027000000174], [7.737917000000095, 4.512084000000129], [7.744583000000091, 4.510971000000097], [7.767917000000011, 4.514862000000164], [7.769305000000145, 4.514028000000053], [7.778750000000173, 4.51541600000013], [7.7795840000001135, 4.514862000000164], [7.68013800000017, 4.495138000000111], [7.656804000000022, 4.510693000000174]]]]}}, {"type": "Feature", "properties": {"state": "Anambra", "lon": 6.936, "lat": 6.231}, "geometry": {"type": "Polygon", "coordinates": [[[6.957180022999978, 5.897500038000089], [6.8932580950000215, 5.756018163000078], [6.850016117000109, 5.751679897000145], [6.777094842000054, 5.782683850000126], [6.691257955000026, 5.699708939000061], [6.643822192000073, 5.6931362160000845], [6.612069129000133, 5.718504905999964], [6.7338390350001305, 5.992664815000069], [6.740022182000018, 6.089912892000143], [6.7605957990001, 6.148853779000035], [6.664391041000158, 6.527450085000055], [6.691397189000156, 6.539916993000077], [6.7494049070000415, 6.529236793000109], [6.772492886000123, 6.5436091420000935], [6.802237988000115, 6.584167005000097], [6.8231811520001315, 6.694775105000019], [6.905935764000105, 6.776175022000132], [6.9144120220001355, 6.71121692600002], [6.976321220000045, 6.713390827000012], [7.109167098, 6.661757946000137], [7.094674111000188, 6.59325409000013], [7.025342942000179, 6.517381192000187], [7.012259959000119, 6.450472832000173], [7.080851078000137, 6.42300176700013], [7.103702069000178, 6.394007206000026], [7.146598817000154, 6.305148125000187], [7.128496171000165, 6.284924985000089], [7.127027988000066, 6.236732959000051], [7.138608932000125, 6.224770068999987], [7.179042817000152, 6.240921975000049], [7.188529014000153, 6.199234009000122], [7.210066796000149, 6.188945770000032], [7.20442819699997, 6.15420818400014], [7.249892235000118, 6.052618027000165], [7.28854608600011, 6.030039788000124], [7.3328690530000245, 6.044050218000109], [7.363714218000155, 6.0206799499999875], [7.292642116000081, 5.983370782000179], [7.250124931000187, 5.9263119700001425], [7.164142131000062, 5.903431893000175], [7.053861141000141, 5.922613145000071], [6.957180022999978, 5.897500038000089]]]}}, {"type": "Feature", "properties": {"state": "Bauchi", "lon": 9.312, "lat": 10.99}, "geometry": {"type": "Polygon", "coordinates": [[[9.78200721800016, 9.650800705000051], [9.735358239000163, 9.567297935000113], [9.664512634000118, 9.54465198600019], [9.502341270000045, 9.535266876000094], [9.311917305000122, 9.571723939000037], [9.245565415000158, 9.677118301000121], [9.15980625200018, 9.724865913000144], [9.203446389000078, 9.842307091000066], [9.194986343000153, 9.961200715000075], [9.16963958700012, 10.006258964000097], [9.137394904000189, 10.02163696200006], [8.960168839000175, 9.986515046000022], [8.957872392000127, 10.226598739000053], [8.923713684000006, 10.302913665000176], [8.886870385000066, 10.336345674000086], [8.785023690000003, 10.335703849000026], [8.694664001000035, 10.41870784800011], [8.732653618000143, 10.485830306000082], [8.741278648000048, 10.549092293000115], [8.79910469000015, 10.623385429000052], [8.820596694000074, 10.684963227000082], [8.806897162000098, 10.74348926500005], [8.744515419000095, 10.81280708300011], [8.737223625000183, 10.844479562000117], [8.730831145000082, 10.954470634000188], [8.750066757000013, 11.056770325000059], [8.780293465000057, 11.090094567000051], [8.856869697000093, 11.09567165300001], [8.944037438000123, 11.212577821000082], [9.071510314000136, 11.321589469000116], [9.098804473000087, 11.326272964000111], [9.135617255999989, 11.307813644000078], [9.240946769000118, 11.345487594000133], [9.457791328000098, 11.289497376000043], [9.511908531000188, 11.312840462000167], [9.549034118000009, 11.301124573000095], [9.57790374800004, 11.242684364000013], [9.82895279000013, 11.256613732000062], [9.880743980000034, 11.14426422200006], [9.86741256700003, 11.018985749000137], [9.902160645000038, 10.96457672200006], [9.99433612700011, 10.94556617700016], [10.084701539000093, 10.96781063100019], [10.179776192000077, 10.933441163000055], [10.209816932000024, 10.942545890000133], [10.192521096000178, 11.026083947000188], [10.258097649000035, 11.078154565000148], [10.34661102199999, 11.106389045000014], [10.376428604000125, 11.128541946000041], [10.394271850000166, 11.172055245000081], [10.377492904000064, 11.195329666000191], [10.038615227000037, 11.23680973100005], [9.990226745000086, 11.266242981000175], [9.904718400000036, 11.384495735000087], [9.880104064000022, 11.465313912], [9.818036079000024, 11.450355531000014], [9.798936844000082, 11.468059540000183], [9.790122986000029, 11.495731354000043], [9.83071041200003, 11.575481414000137], [9.798718453000049, 11.714565277000133], [9.769396782000058, 11.722537040000077], [9.64861583700008, 11.701192856999967], [9.626893997000138, 11.711223602000132], [9.634647370000096, 11.77908897499998], [9.68675136600018, 11.85123634300004], [9.78626537200006, 11.85855197900014], [9.874686241000006, 11.90700435600013], [10.171165466000161, 12.021190644000058], [10.161534309000047, 12.086873055000126], [10.269933701000014, 12.414007187000095], [10.39945507100009, 12.453599930000166], [10.430776596000044, 12.39248943300015], [10.60948562499999, 12.502503396000066], [10.734446526000113, 12.404303552000044], [10.752927779000117, 12.357783317000042], [10.762315749000038, 12.216483116000177], [10.813304901000095, 12.142460822000032], [10.840611458000183, 11.887775421000129], [10.975417137000022, 11.554842949000033], [10.938859939000054, 11.325136185000133], [10.965202331000057, 11.300712585999975], [11.014210700000035, 11.294754982000029], [10.957612991000019, 11.231048584000064], [10.859970093000072, 11.178706169000066], [10.786007882000035, 11.091795921000141], [10.698720932000015, 11.065548897000042], [10.675447464000115, 11.043837547000066], [10.653293610000105, 11.01151466400006], [10.595408440000085, 10.814043999000091], [10.533835410000108, 10.711043357000051], [10.653054237000106, 10.663151740999979], [10.671440124000014, 10.635961534000103], [10.685479164000071, 10.52157211299999], [10.699798584000007, 10.503188134000084], [10.81606483500019, 10.461320878000038], [10.849691391000135, 10.382350922000057], [10.848366737000106, 10.198542594000116], [10.834883690000026, 10.170340538000119], [10.739838601000145, 10.145627975000025], [10.718707085000176, 10.114992142000176], [10.723962784000094, 10.08912181900007], [10.79334926600012, 10.018907547000083], [10.98140716600011, 9.882881165000015], [11.011198043999968, 9.72292232500007], [11.078140259000065, 9.589009285000088], [10.900223732000086, 9.604409218], [10.729084015000069, 9.526689529000123], [10.63458442600006, 9.539207458000021], [10.558061599999974, 9.494237901000076], [10.357999801000062, 9.616427422000186], [9.865249633000133, 9.842946053000162], [9.816265106000174, 9.814322472000185], [9.811481476000097, 9.79132080200003], [9.862620353000182, 9.726277352000125], [9.858863831000065, 9.671666145000188], [9.78200721800016, 9.650800705000051]]]}}, {"type": "Feature", "properties": {"state": "Bayelsa", "lon": 6.013, "lat": 4.84}, "geometry": {"type": "MultiPolygon", "coordinates": [[[[6.096529000000089, 4.355138000000068], [6.0998610000000895, 4.339029000000039], [6.112084000000152, 4.330138000000147], [6.169028000000139, 4.318748999999968], [6.188749000000087, 4.326528000000053], [6.196250000000077, 4.304860000000133], [6.210695000000101, 4.320974000000035], [6.220972000000074, 4.282082000000173], [6.0862500000001205, 4.2706940000001055], [6.080139000000031, 4.332916000000125], [6.096529000000089, 4.355138000000068]]], [[[6.261805000000152, 4.356527999999969], [6.264305000000093, 4.3479180000001065], [6.259029000000169, 4.3479180000001065], [6.261805000000152, 4.356527999999969]]], [[[6.2518060000001014, 4.375693000000126], [6.250694000000124, 4.362917000000152], [6.242918000000088, 4.359859999999969], [6.241805000000056, 4.3662510000001475], [6.2518060000001014, 4.375693000000126]]], [[[6.143750000000068, 4.387360000000172], [6.148751000000175, 4.38347200000004], [6.1445840000001795, 4.379028000000005], [6.143750000000068, 4.387360000000172]]], [[[5.980416000000105, 4.3534720000000675], [5.980972000000122, 4.350140000000067], [5.979584000000045, 4.349306000000183], [5.980416000000105, 4.3534720000000675]]], [[[5.979584000000045, 4.3643050000000585], [5.985138000000177, 4.357638000000179], [5.976528000000144, 4.356527999999969], [5.979584000000045, 4.3643050000000585]]], [[[5.978750000000105, 4.368195000000071], [5.978194000000144, 4.370139000000108], [5.979028000000028, 4.370139000000108], [5.978750000000105, 4.368195000000071]]], [[[5.944861000000117, 4.39597300000014], [5.966251000000113, 4.335138000000143], [5.847084000000052, 4.401249000000064], [5.858749000000159, 4.419029000000023], [5.85930500000012, 4.407640000000015], [5.870694000000128, 4.401249000000064], [5.874862000000178, 4.401805000000081], [5.882639000000097, 4.407362000000148], [5.881804000000102, 4.415138000000127], [5.88958300000013, 4.409306000000015], [5.891805000000147, 4.409306000000015], [5.881529000000057, 4.415694000000144], [5.870694000000128, 4.402083000000175], [5.867362000000128, 4.415694000000144], [5.8448620000000915, 4.425695000000189], [5.907917000000111, 4.450417000000016], [5.903750000000116, 4.453749000000016], [5.910139000000072, 4.456527000000051], [5.90625, 4.464584000000173], [5.904028000000039, 4.466528000000096], [5.897640000000138, 4.467638000000079], [5.8923610000001645, 4.465693999999985], [5.89541800000012, 4.475695000000087], [5.893196000000103, 4.480417000000159], [5.897362000000044, 4.488750000000039], [5.895140000000026, 4.49014000000011], [5.889305000000036, 4.489584000000093], [5.901806000000022, 4.498195000000123], [5.888749000000075, 4.490694000000133], [5.891805000000147, 4.4651380000000245], [5.90902600000004, 4.456806000000029], [5.886251000000129, 4.450139000000149], [5.867362000000128, 4.467359999999985], [5.881250999999963, 4.467638000000079], [5.884305000000097, 4.4698600000000965], [5.882639000000097, 4.47680500000007], [5.865418000000034, 4.481805000000065], [5.878472000000102, 4.4834710000000655], [5.887361000000169, 4.496529000000123], [5.886805000000152, 4.499861000000124], [5.882361000000174, 4.49958300000003], [5.863471000000061, 4.4834710000000655], [5.867084000000034, 4.478751000000159], [5.8829169999999635, 4.472917000000052], [5.865696000000128, 4.467359999999985], [5.884029000000169, 4.448195000000055], [5.850694000000146, 4.447639000000038], [5.857083000000159, 4.437084000000141], [5.8312510000001225, 4.429305000000113], [5.839305000000024, 4.412916000000109], [5.790972000000181, 4.448473000000149], [5.827639000000033, 4.47513900000007], [5.844028000000151, 4.5190280000000485], [5.861805000000061, 4.519584000000066], [5.872084000000029, 4.530139000000133], [5.84347200000019, 4.51986200000016], [5.824306000000092, 4.475695000000087], [5.795694000000083, 4.457918000000177], [5.789306000000181, 4.463472000000024], [5.80125100000015, 4.468750000000057], [5.802083000000096, 4.4737510000001635], [5.788472000000127, 4.488194000000021], [5.7943060000001765, 4.485972000000061], [5.798751000000095, 4.486806000000115], [5.799860000000024, 4.489862000000187], [5.795415999999989, 4.499307000000101], [5.797083999999984, 4.499861000000124], [5.7995820000001, 4.495971999999995], [5.801805000000172, 4.494305999999995], [5.80402700000019, 4.494305999999995], [5.8156940000000645, 4.507361000000174], [5.813749000000087, 4.510140000000092], [5.809861000000069, 4.510140000000092], [5.809583000000146, 4.513194000000169], [5.825416000000132, 4.529583000000116], [5.827360000000056, 4.538750000000107], [5.809027000000185, 4.5134720000000925], [5.809305000000052, 4.509582999999964], [5.815140000000042, 4.507639000000097], [5.794862000000023, 4.49958300000003], [5.7984720000001175, 4.487362000000132], [5.787918000000104, 4.488472000000115], [5.7984720000001175, 4.468194000000096], [5.780973000000131, 4.464860000000101], [5.774304000000086, 4.472083000000168], [5.764584000000184, 4.473195000000146], [5.759306000000095, 4.479027000000087], [5.754583000000082, 4.480139000000065], [5.752361000000121, 4.479861000000142], [5.78541800000005, 4.461250000000177], [5.785971000000131, 4.456806000000029], [5.744860000000131, 4.482918000000154], [5.7429160000000365, 4.493472000000111], [5.725973000000067, 4.505695000000173], [5.794862000000023, 4.529305000000022], [5.809583000000146, 4.5409720000000675], [5.8184720000000425, 4.5537510000001475], [5.8156940000000645, 4.584861000000103], [5.832361000000105, 4.594862000000148], [5.818750000000136, 4.589861000000042], [5.8312510000001225, 4.604307000000006], [5.831526999999994, 4.6112490000001], [5.814584000000025, 4.589861000000042], [5.8156940000000645, 4.552361000000076], [5.7962500000001, 4.533471000000134], [5.7759730000001355, 4.536527000000035], [5.771807000000081, 4.542916000000162], [5.784583000000055, 4.54652800000008], [5.78541800000005, 4.55152900000013], [5.784027000000037, 4.555417000000148], [5.781527000000153, 4.55486100000013], [5.7784730000000195, 4.551251000000036], [5.776251000000059, 4.551804000000175], [5.775139000000081, 4.557083000000148], [5.7759730000001355, 4.551251000000036], [5.7787490000001185, 4.550695000000076], [5.782639000000131, 4.55486100000013], [5.784861000000149, 4.551251000000036], [5.770972000000086, 4.542638000000068], [5.7759730000001355, 4.532917000000111], [5.733193000000085, 4.512916000000075], [5.685694000000183, 4.534305000000188], [5.707640000000026, 4.536527000000035], [5.712916000000121, 4.540140000000179], [5.7137500000000045, 4.546806000000174], [5.726251000000161, 4.537640000000067], [5.738194000000135, 4.537640000000067], [5.7431940000001305, 4.547084000000098], [5.737916000000041, 4.5381960000000845], [5.712916000000121, 4.547638000000063], [5.704027000000053, 4.537918000000161], [5.701805000000036, 4.570416000000023], [5.711806000000138, 4.579861000000108], [5.7140280000000985, 4.584861000000103], [5.717638000000022, 4.582361000000162], [5.728473000000179, 4.58513899999997], [5.729026999999974, 4.590140000000076], [5.732640000000174, 4.59041800000017], [5.73236200000008, 4.586527000000103], [5.733750000000157, 4.5829170000001795], [5.741250000000036, 4.577082000000189], [5.7431940000001305, 4.577082000000189], [5.744582000000037, 4.578472999999974], [5.7465290000000095, 4.590140000000076], [5.750139000000104, 4.5829170000001795], [5.761250000000189, 4.585417000000064], [5.747639000000049, 4.591249000000175], [5.745973000000049, 4.59041800000017], [5.743750000000148, 4.585417000000064], [5.743472000000054, 4.577916000000073], [5.74152800000013, 4.577638000000036], [5.734306000000174, 4.589861000000042], [5.731805000000179, 4.591527000000042], [5.728749000000107, 4.591249000000175], [5.728195000000085, 4.5856950000001575], [5.7137500000000045, 4.585973000000081], [5.700971000000152, 4.573194000000001], [5.685972000000106, 4.5856950000001575], [5.700971000000152, 4.585973000000081], [5.7065280000000485, 4.589861000000042], [5.708194000000049, 4.615695000000073], [5.720417000000111, 4.619306000000108], [5.732640000000174, 4.631804000000159], [5.729305000000068, 4.625138000000163], [5.739028000000076, 4.613749000000041], [5.758196000000112, 4.611527000000024], [5.776251000000059, 4.615695000000073], [5.782361000000037, 4.628750000000082], [5.740694000000076, 4.613749000000041], [5.734306000000174, 4.634029000000055], [5.719861000000094, 4.623750000000086], [5.720139000000188, 4.639583000000016], [5.710972000000027, 4.651250000000118], [5.738194000000135, 4.655416000000173], [5.755972999999983, 4.669305000000065], [5.756249000000082, 4.679028000000017], [5.770972000000086, 4.685138000000052], [5.7984720000001175, 4.674306000000115], [5.793749999999989, 4.688751000000025], [5.773751000000118, 4.693473000000097], [5.754305000000045, 4.6793060000001105], [5.739306000000113, 4.6584730000001855], [5.708750000000009, 4.652360000000101], [5.719861000000094, 4.626806000000158], [5.699583000000075, 4.609029000000078], [5.70291700000007, 4.589583000000175], [5.685972000000106, 4.5990280000000325], [5.684028000000183, 4.5990280000000325], [5.682362000000182, 4.595694000000037], [5.690138000000161, 4.590971000000081], [5.683472000000165, 4.5837490000000685], [5.701805000000036, 4.554027000000076], [5.685972000000106, 4.54652800000008], [5.5420830000001615, 4.733472000000063], [5.5818060000000855, 4.688751000000025], [5.624027000000069, 4.691527000000178], [5.659860000000151, 4.671527000000083], [5.683472000000165, 4.675694000000021], [5.6820840000000885, 4.686251000000084], [5.737084000000152, 4.734306000000174], [5.756249000000082, 4.770139000000086], [5.770972000000086, 4.766807000000085], [5.774861000000158, 4.772361000000103], [5.782083000000114, 4.770695000000103], [5.790972000000181, 4.777917000000059], [5.803195000000073, 4.775139000000081], [5.807917000000145, 4.779027000000099], [5.789862000000028, 4.778471000000081], [5.774304000000086, 4.772917000000064], [5.770972000000086, 4.767639000000031], [5.765694000000167, 4.770139000000086], [5.767362000000162, 4.775972999999965], [5.76430600000009, 4.781528000000037], [5.7759730000001355, 4.784584000000166], [5.779027000000042, 4.801527000000135], [5.788472000000127, 4.801805000000002], [5.803195000000073, 4.812916000000087], [5.779861000000153, 4.803471000000002], [5.784305000000131, 4.806527000000074], [5.78180500000002, 4.830139000000145], [5.768194000000051, 4.839028000000042], [5.783195000000148, 4.807362000000069], [5.7787490000001185, 4.806806000000108], [5.7731950000001575, 4.812362000000064], [5.768472000000145, 4.812638000000163], [5.754861000000176, 4.7954170000001], [5.72652700000009, 4.7987490000001], [5.716528000000039, 4.807918000000086], [5.695973000000151, 4.811250000000086], [5.686806000000161, 4.775972999999965], [5.675971000000004, 4.782362000000148], [5.662638000000129, 4.781806000000131], [5.660694000000035, 4.784862000000032], [5.668751000000043, 4.790138000000127], [5.669583000000102, 4.7973610000000235], [5.639028999999994, 4.80986200000018], [5.626528000000064, 4.810415999999975], [5.6104160000001, 4.802083000000096], [5.6148610000001895, 4.827083000000073], [5.645973000000083, 4.842360000000042], [5.63819500000011, 4.855139000000065], [5.661250000000052, 4.877083000000084], [5.690416000000084, 4.86958200000015], [5.678749000000039, 4.895138000000088], [5.659584000000052, 4.878749000000084], [5.656806000000074, 4.890694000000053], [5.648195000000101, 4.899307000000022], [5.666251000000102, 4.905417000000057], [5.673195000000021, 4.916528000000085], [5.647639000000083, 4.900416000000121], [5.658472000000074, 4.877083000000084], [5.636527999999998, 4.857639000000177], [5.642083000000127, 4.840972000000079], [5.6176390000001675, 4.864306000000056], [5.626528000000064, 4.841528000000096], [5.5818060000000855, 4.811806000000104], [5.54569400000014, 4.831805000000145], [5.548750000000041, 4.849860999999976], [5.5556940000001305, 4.849860999999976], [5.56069500000018, 4.867084000000034], [5.558751000000086, 4.89708400000012], [5.5554160000000365, 4.901529000000039], [5.549028000000135, 4.903751000000057], [5.557082000000037, 4.857639000000177], [5.548750000000041, 4.851526999999976], [5.53958300000005, 4.827917000000127], [5.515139000000147, 4.82736100000011], [5.439862000000119, 4.942084000000023], [5.445138000000043, 4.9715280000001485], [5.376527000000181, 5.12597100000005], [5.429029000000128, 5.137916000000018], [5.4406940000000645, 5.127083000000084], [5.452559000000122, 5.14041600000013], [5.486454000000094, 5.106355000000065], [5.582574000000022, 5.068033000000128], [5.642128000000071, 5.024340000000166], [5.694776000000047, 5.0248280000000705], [5.815671000000123, 5.091283000000033], [5.8580440000000635, 5.084564000000114], [5.911343902000112, 5.111108946000172], [5.947366000000045, 5.168862000000104], [6.004252910000105, 5.117136956000081], [6.055932999000163, 5.114871979000043], [6.085168839000119, 5.152670861000047], [6.133823871000118, 5.148841859000129], [6.205718040000079, 5.183143139000151], [6.207261085000084, 5.2359490400001505], [6.277865886000143, 5.233358860000067], [6.310334205000117, 5.299709796000116], [6.411007880000113, 5.3005318640001065], [6.470015050000086, 5.323057175000031], [6.512465954000106, 5.349787235000122], [6.499977112000067, 5.389835834000053], [6.564188958000102, 5.3931999220001785], [6.595139981000102, 5.379753114000152], [6.617675782000163, 5.345454217000054], [6.612588883000171, 5.301940918000128], [6.577258110000173, 5.272781849000069], [6.580937863000088, 5.243420123000021], [6.556029796000189, 5.230694772000049], [6.543836117000126, 5.190299989000096], [6.490188123000053, 5.184985160000053], [6.40666913900003, 5.03091812100007], [6.396251201000155, 4.986106872999983], [6.4307179460000725, 4.976062775000116], [6.430158138000138, 4.95554018100006], [6.390291214000001, 4.888393879000091], [6.383666039000104, 4.821140766000099], [6.394096850000153, 4.795126914000093], [6.447517871000173, 4.771837235000021], [6.446399211000028, 4.716718197000034], [6.600983000000099, 4.7533030000000736], [6.6427580000001285, 4.652007000000026], [6.718195000000094, 4.610695000000078], [6.717361000000153, 4.5720840000001886], [6.689307000000156, 4.514306000000147], [6.70014000000009, 4.431528000000185], [6.694027000000062, 4.4220830000001], [6.660138000000018, 4.506249000000025], [6.67847200000017, 4.527639000000022], [6.680140000000165, 4.539862000000085], [6.651250000000061, 4.566250000000139], [6.6401389999999765, 4.607639000000006], [6.6423610000001645, 4.611527000000024], [6.647362000000044, 4.607639000000006], [6.651806000000079, 4.608195000000023], [6.652916000000062, 4.610417000000041], [6.649584000000061, 4.627916000000141], [6.650418000000116, 4.608751000000041], [6.640973000000088, 4.612361000000078], [6.627916000000141, 4.597084000000109], [6.615695000000073, 4.609029000000078], [6.616805000000056, 4.616249000000096], [6.62375000000003, 4.626528000000064], [6.624306000000047, 4.632082000000082], [6.60263800000007, 4.645418000000177], [6.611529000000132, 4.671527000000083], [6.611805000000061, 4.6745840000000385], [6.610973000000172, 4.67708400000015], [6.602084000000104, 4.655694000000096], [6.566806000000099, 4.68763899999999], [6.563195000000064, 4.686529000000178], [6.5776380000001495, 4.67013900000012], [6.603194000000087, 4.653472000000079], [6.58513900000014, 4.6418050000000335], [6.590417000000002, 4.583195000000103], [6.59930600000007, 4.567918000000134], [6.5776380000001495, 4.559861000000126], [6.580417000000068, 4.570416000000023], [6.572084000000132, 4.587083000000064], [6.576528000000167, 4.560417000000143], [6.577360000000056, 4.559305000000165], [6.582639000000029, 4.557361000000071], [6.590139000000136, 4.555973000000165], [6.5976400000000694, 4.5637490000001435], [6.595140000000185, 4.541806000000179], [6.612361000000078, 4.542084000000102], [6.634029000000169, 4.50874900000008], [6.662083000000052, 4.490416000000039], [6.666249000000107, 4.436250000000086], [6.646805000000143, 4.432362000000069], [6.645417000000066, 4.439584000000082], [6.643195000000048, 4.441250000000082], [6.637639000000092, 4.439584000000082], [6.636804999999981, 4.437084000000141], [6.654028000000039, 4.425417000000095], [6.665973000000179, 4.433194000000185], [6.669027000000085, 4.41708200000005], [6.6876380000000495, 4.404862000000037], [6.703194000000053, 4.340417000000116], [6.646249000000182, 4.334307000000138], [6.630694000000119, 4.318473000000097], [6.601528000000087, 4.35736200000008], [6.610139000000061, 4.348195999999973], [6.636251000000186, 4.342361000000039], [6.647640000000138, 4.345417000000111], [6.662361000000146, 4.356250000000102], [6.664583000000107, 4.364583000000152], [6.636527000000115, 4.3443050000001335], [6.6131950000001325, 4.35736200000008], [6.601528000000087, 4.358193999999969], [6.5995840000001635, 4.350418000000161], [6.594306000000074, 4.3534720000000675], [6.604027999999971, 4.463472000000024], [6.579582000000073, 4.496529000000123], [6.544028000000139, 4.514028000000053], [6.5648610000000645, 4.5481940000000805], [6.563471000000163, 4.552082000000098], [6.548194000000024, 4.559027000000071], [6.538196000000028, 4.570416000000023], [6.546806000000117, 4.581804999999974], [6.535139000000072, 4.613749000000041], [6.545972000000063, 4.61874899999998], [6.550694000000135, 4.624584000000141], [6.550972000000002, 4.6284720000001585], [6.547084000000041, 4.634029000000055], [6.553751000000091, 4.635417000000132], [6.555138999999997, 4.637639000000149], [6.553751000000091, 4.640417000000127], [6.5484720000001175, 4.643471000000034], [6.555138999999997, 4.645693000000051], [6.555417000000091, 4.649028000000101], [6.55319500000013, 4.656806000000074], [6.5479160000001, 4.643195000000105], [6.5545830000000365, 4.637917000000016], [6.546528000000023, 4.634305000000154], [6.550138000000118, 4.625138000000163], [6.5356950000000325, 4.61652700000019], [6.531529000000148, 4.598472000000072], [6.545416000000046, 4.581804999999974], [6.536249000000055, 4.573194000000001], [6.538471000000072, 4.566250000000139], [6.549860000000024, 4.554027000000076], [6.563195000000064, 4.549027999999964], [6.531805000000077, 4.532361000000094], [6.534305000000131, 4.559861000000126], [6.52875100000017, 4.565140000000099], [6.522362000000157, 4.565418000000022], [6.521806000000026, 4.5673620000001165], [6.523750000000064, 4.569028000000117], [6.523194000000103, 4.569584000000134], [6.52125000000018, 4.56764000000004], [6.521806000000026, 4.564862000000005], [6.533749000000171, 4.559583000000032], [6.530973000000131, 4.54486200000008], [6.51375000000013, 4.528195000000039], [6.540418000000045, 4.530973000000188], [6.539862000000028, 4.512084000000129], [6.575972000000149, 4.49014000000011], [6.575138000000038, 4.480971000000125], [6.579307000000028, 4.472083000000168], [6.563749000000087, 4.47180400000002], [6.558473000000163, 4.462638000000084], [6.544028000000139, 4.479027000000087], [6.540693000000033, 4.477639000000124], [6.538193000000149, 4.468194000000096], [6.504305000000045, 4.47680500000007], [6.492362000000071, 4.55097300000017], [6.4809730000001196, 4.575416000000189], [6.471807000000183, 4.58624900000018], [6.469028000000151, 4.58458300000018], [6.4904160000001525, 4.55097300000017], [6.481527000000085, 4.533195000000035], [6.496806000000049, 4.483193000000142], [6.50597300000004, 4.474027000000092], [6.529583000000059, 4.465693999999985], [6.526804000000027, 4.439584000000082], [6.550694000000135, 4.420139000000177], [6.546806000000117, 4.392083000000184], [6.563749000000087, 4.3898600000001124], [6.563749000000087, 4.360972000000174], [6.584861000000046, 4.344861000000094], [6.522362000000157, 4.330972000000031], [6.502083000000027, 4.337361000000044], [6.4948600000001875, 4.3443050000001335], [6.493194000000187, 4.343749000000116], [6.499029000000121, 4.337361000000044], [6.51597200000009, 4.329584000000125], [6.589305000000024, 4.328194000000053], [6.456249000000071, 4.314305000000161], [6.42958300000015, 4.32708400000007], [6.439584000000025, 4.337639000000138], [6.440138000000047, 4.352084000000161], [6.42791700000015, 4.384028000000171], [6.446251000000075, 4.401249000000064], [6.447638999999981, 4.417361000000028], [6.453473000000088, 4.408194000000037], [6.457640000000083, 4.4118060000001265], [6.4656940000001555, 4.432916000000091], [6.4684720000001334, 4.446529000000055], [6.4681940000000395, 4.464584000000173], [6.479305000000124, 4.464584000000173], [6.481527000000085, 4.46680600000019], [6.48263900000012, 4.470695000000092], [6.481805000000179, 4.477083000000164], [6.479305000000124, 4.479027000000087], [6.472917000000052, 4.480695000000026], [6.473195000000089, 4.493750000000034], [6.469584000000111, 4.493750000000034], [6.467084000000057, 4.492360000000133], [6.472639000000129, 4.493472000000111], [6.472360000000151, 4.480417000000159], [6.482083000000102, 4.4709730000001855], [6.467638000000022, 4.464860000000101], [6.453749000000187, 4.410140000000126], [6.438750000000084, 4.446529000000055], [6.442916000000025, 4.458472000000029], [6.439028000000178, 4.469585000000052], [6.444029000000114, 4.477639000000124], [6.435138000000052, 4.483193000000142], [6.442360000000178, 4.50180499999999], [6.441528000000119, 4.505139000000156], [6.43625000000003, 4.50874900000008], [6.435694000000012, 4.5134720000000925], [6.435416000000146, 4.509027000000174], [6.4365280000001235, 4.50708300000008], [6.4418059999999855, 4.503473000000156], [6.434028000000012, 4.484862000000021], [6.442638000000102, 4.4090280000001485], [6.424027000000137, 4.379306000000099], [6.4365280000001235, 4.343195000000094], [6.401527000000101, 4.335416000000066], [6.407640000000185, 4.359306000000174], [6.398473000000024, 4.380418000000077], [6.407084000000168, 4.387084000000073], [6.4120840000001635, 4.397361000000046], [6.412638000000186, 4.402640000000076], [6.396805000000029, 4.411250000000109], [6.4120840000001635, 4.402362000000153], [6.397361000000046, 4.380694000000005], [6.400417000000118, 4.3470830000001115], [6.375693000000069, 4.371527000000071], [6.354028000000028, 4.375418000000138], [6.349305000000072, 4.460416000000123], [6.338195000000098, 4.486528000000021], [6.3534720000000675, 4.487362000000132], [6.3570840000001, 4.491528000000187], [6.345139000000131, 4.509862000000169], [6.350971000000072, 4.520694000000049], [6.348471000000131, 4.547359999999969], [6.343751000000054, 4.560139000000049], [6.350140000000067, 4.56347100000005], [6.350696000000028, 4.567084000000023], [6.3429170000001704, 4.576250000000073], [6.337917000000175, 4.579861000000108], [6.338472999999965, 4.585417000000064], [6.33708200000018, 4.58680499999997], [6.3348600000001625, 4.587083000000064], [6.336250000000064, 4.589583000000175], [6.335694000000103, 4.594306000000131], [6.328194142000029, 4.603194238000128], [6.33763799999997, 4.579029000000162], [6.349305000000072, 4.565972000000045], [6.344027000000153, 4.562918000000138], [6.3429170000001704, 4.558751000000143], [6.347361000000149, 4.515972000000147], [6.344861000000037, 4.515140000000031], [6.339861000000099, 4.525695000000098], [6.330972000000031, 4.534027000000094], [6.330416000000184, 4.544306000000063], [6.324027000000001, 4.559861000000126], [6.3234710000000405, 4.557361000000071], [6.33013800000009, 4.534305000000188], [6.354028000000028, 4.490416000000039], [6.337360000000103, 4.490416000000039], [6.33013800000009, 4.4762510000000475], [6.333194000000162, 4.486528000000021], [6.325972000000036, 4.489862000000187], [6.327362000000107, 4.503749000000084], [6.318195000000117, 4.522916000000066], [6.3243060000000355, 4.4918060000001105], [6.32680600000009, 4.488194000000021], [6.331528000000162, 4.485694000000137], [6.329028000000108, 4.474583000000052], [6.323749000000134, 4.471251000000052], [6.324027000000001, 4.467916000000173], [6.303194000000076, 4.475417000000164], [6.302084000000093, 4.467359999999985], [6.308194000000071, 4.460972000000083], [6.307360000000131, 4.459862000000101], [6.300416000000098, 4.468194000000096], [6.290973000000179, 4.471526000000097], [6.298750000000098, 4.472083000000168], [6.301528000000076, 4.481249000000048], [6.289583000000107, 4.472361000000092], [6.286251000000107, 4.48264000000006], [6.284029000000089, 4.485418000000038], [6.282084999999995, 4.485972000000061], [6.285139000000129, 4.494028000000128], [6.282084999999995, 4.509862000000169], [6.280138000000022, 4.510140000000092], [6.281250000000057, 4.486250000000155], [6.288750999999991, 4.471251000000052], [6.299306000000058, 4.466528000000096], [6.297640000000058, 4.435138000000052], [6.307082000000094, 4.424861000000078], [6.263195000000053, 4.384860000000117], [6.264861000000053, 4.435138000000052], [6.252916000000084, 4.467916000000173], [6.2645830000001865, 4.477917000000048], [6.266805000000147, 4.493750000000034], [6.261529000000053, 4.4948600000001875], [6.26375100000007, 4.49680699999999], [6.264861000000053, 4.509582999999964], [6.252362000000119, 4.474027000000092], [6.238473000000056, 4.49958300000003], [6.2595830000000205, 4.54069400000003], [6.2645830000001865, 4.555973000000165], [6.26375100000007, 4.571806000000095], [6.271250000000066, 4.574584000000073], [6.271806000000026, 4.579029000000162], [6.280138000000022, 4.57097200000004], [6.285695000000089, 4.571250000000134], [6.292082999999991, 4.5773600000001124], [6.2873610000000895, 4.614305000000172], [6.277360000000044, 4.602360000000033], [6.289583000000107, 4.577085000000068], [6.27208400000012, 4.579861000000108], [6.261251000000186, 4.571528000000001], [6.2601390000001516, 4.587917000000175], [6.252362000000119, 4.568750000000023], [6.246528000000183, 4.587917000000175], [6.2581950000000575, 4.543194000000085], [6.237639000000115, 4.511248999999964], [6.235139000000061, 4.513194000000169], [6.2309730000001196, 4.514028000000053], [6.226250000000164, 4.5270830000000615], [6.224862000000087, 4.528195000000039], [6.221528000000092, 4.528195000000039], [6.247084000000029, 4.465693999999985], [6.245140000000106, 4.399583000000064], [6.229029000000082, 4.425695000000189], [6.210139000000083, 4.429862000000185], [6.225694000000146, 4.435138000000052], [6.227916000000164, 4.449861000000055], [6.2070830000000115, 4.4581940000001055], [6.2118050000000835, 4.46680600000019], [6.209861000000046, 4.52152800000016], [6.194862000000114, 4.539306000000067], [6.198750000000132, 4.545693999999969], [6.20152800000011, 4.555139000000054], [6.198194000000115, 4.56347100000005], [6.203473000000145, 4.566806000000099], [6.207917000000123, 4.57263800000004], [6.208195000000046, 4.575694000000112], [6.204861000000051, 4.579029000000162], [6.198750000000132, 4.579861000000108], [6.199584000000016, 4.58680499999997], [6.198750000000132, 4.59208400000017], [6.192084000000136, 4.596806000000072], [6.198472000000038, 4.603750000000105], [6.199028000000055, 4.612639000000172], [6.192918000000077, 4.603194000000144], [6.195416000000137, 4.612917000000095], [6.193750000000136, 4.6154169999999795], [6.187639000000047, 4.617917999999975], [6.173194000000024, 4.518750000000125], [6.1798610000000735, 4.474583000000052], [6.188471000000163, 4.468194000000096], [6.187639000000047, 4.444304000000159], [6.19736000000006, 4.427639000000113], [6.234004000000084, 4.409639000000084], [6.237917000000039, 4.388194000000112], [6.22597200000007, 4.373749000000032], [6.219584000000168, 4.375140000000044], [6.213473000000079, 4.37319500000001], [6.210695000000101, 4.37486100000001], [6.21736199999998, 4.382360000000006], [6.21736199999998, 4.385972000000095], [6.214305000000024, 4.388471999999979], [6.201250000000016, 4.3845840000001886], [6.215139000000079, 4.387084000000073], [6.209583000000123, 4.374583000000143], [6.213194999999985, 4.372083000000032], [6.222362000000146, 4.374027000000126], [6.227360000000147, 4.370417000000032], [6.19736000000006, 4.308194000000128], [6.186527000000069, 4.336529000000098], [6.199028000000055, 4.334860000000049], [6.204029000000105, 4.338195000000098], [6.2062510000001225, 4.342917], [6.200972000000149, 4.370695000000126], [6.193194000000176, 4.375140000000044], [6.201807000000144, 4.3534720000000675], [6.199306000000149, 4.3506960000000845], [6.193194000000176, 4.352084000000161], [6.190140000000042, 4.350418000000161], [6.204861000000051, 4.341527000000099], [6.19736000000006, 4.335695000000044], [6.18736100000018, 4.338751000000116], [6.184861000000069, 4.336251000000004], [6.178195000000073, 4.336529000000098], [6.170138000000122, 4.333750000000066], [6.184027000000185, 4.335138000000143], [6.1798610000000735, 4.324584000000129], [6.158471000000077, 4.321805000000097], [6.152917000000059, 4.342361000000039], [6.143750000000068, 4.343471000000022], [6.148194000000103, 4.329584000000125], [6.111806000000058, 4.331250000000125], [6.0998610000000895, 4.36680500000017], [6.124583000000143, 4.3626380000001745], [6.13764000000009, 4.3662510000001475], [6.157361000000037, 4.393751000000179], [6.136528000000112, 4.4279169999999795], [6.159861000000149, 4.444029000000114], [6.1445840000001795, 4.489028000000133], [6.159305000000131, 4.51986200000016], [6.159583000000055, 4.535971000000188], [6.14263800000009, 4.489584000000093], [6.154583000000059, 4.440416000000141], [6.138750000000073, 4.437916000000087], [6.142916000000184, 4.4515270000000555], [6.125417000000027, 4.478473000000065], [6.154583000000059, 4.551804000000175], [6.154305000000136, 4.565693000000067], [6.149860000000103, 4.571806000000095], [6.1506950000000415, 4.577082000000189], [6.148751000000175, 4.584305000000086], [6.144862000000103, 4.589583000000175], [6.151529000000153, 4.593472000000077], [6.150417000000175, 4.600416000000109], [6.156805000000077, 4.603194000000144], [6.1509730000001355, 4.632082000000082], [6.144028000000162, 4.5881950000000415], [6.153195000000153, 4.55097300000017], [6.122082000000148, 4.483193000000142], [6.139862000000107, 4.447917000000132], [6.1290270000001215, 4.436806000000047], [6.121529000000066, 4.420973000000117], [6.090138000000138, 4.435972000000163], [6.108193000000085, 4.44541700000002], [6.118750000000148, 4.4709730000001855], [6.11597200000017, 4.487362000000132], [6.098473000000183, 4.49680699999999], [6.1126400000001695, 4.497639000000106], [6.121250000000032, 4.52319400000016], [6.120138000000054, 4.555695000000071], [6.1154160000001525, 4.559861000000126], [6.119306000000165, 4.557917000000032], [6.123195000000067, 4.559861000000126], [6.124307000000044, 4.562639000000104], [6.124029000000121, 4.570416000000023], [6.125139000000104, 4.571806000000095], [6.124029000000121, 4.576250000000073], [6.11486200000013, 4.560417000000143], [6.111527999999964, 4.499861000000124], [6.090416000000062, 4.500417000000084], [6.0970830000001115, 4.530139000000133], [6.088750000000061, 4.502917000000025], [6.089860000000044, 4.498751000000084], [6.0995829999999955, 4.490972000000056], [6.111806000000058, 4.4870840000000385], [6.114584000000036, 4.469585000000052], [6.085972000000027, 4.436806000000047], [6.097639000000129, 4.412638000000015], [6.071251000000075, 4.392083000000184], [6.050973000000056, 4.4115280000000325], [6.060972000000106, 4.461528000000101], [6.03097200000019, 4.487362000000132], [6.084862000000044, 4.5701380000000995], [6.028471000000025, 4.487362000000132], [6.056250000000034, 4.449305000000038], [6.054027000000133, 4.430140000000051], [6.045695000000137, 4.4187510000001], [6.044861000000026, 4.406250000000114], [6.03847200000007, 4.412638000000015], [6.025694999999985, 4.408472000000131], [6.029028000000096, 4.416529000000082], [6.023749000000123, 4.410694000000149], [6.069582000000025, 4.323472000000152], [6.066528000000062, 4.287361000000146], [5.978194000000144, 4.3109730000001605], [5.993195000000185, 4.358193999999969], [5.975418000000104, 4.375418000000138], [5.987915999999984, 4.404306000000076], [5.96041600000018, 4.377918000000022], [5.95347200000009, 4.394583000000068], [5.957916000000068, 4.435972000000163], [5.955971999999974, 4.446805000000154], [5.95180600000009, 4.45347100000015], [5.919027000000085, 4.472917000000052], [5.955971999999974, 4.444029000000114], [5.944861000000117, 4.39597300000014]]], [[[6.048195000000021, 4.415694000000144], [6.053749000000039, 4.402083000000175], [6.070139000000097, 4.389029000000107], [6.067916000000025, 4.3506960000000845], [6.055971000000056, 4.381250000000023], [6.052361000000133, 4.363195000000076], [6.038750000000164, 4.383750000000077], [6.048195000000021, 4.415694000000144]]], [[[5.950694000000112, 4.392361000000108], [5.949028000999988, 4.391804999000158], [5.949584000000073, 4.392638999999974], [5.950694000000112, 4.392361000000108]]], [[[5.866804999999999, 4.436250000000086], [5.863471000000061, 4.434028000000069], [5.861527000000137, 4.434028000000069], [5.866804999999999, 4.436250000000086]]], [[[6.247084000000029, 4.391529000000162], [6.246806000000106, 4.384860000000117], [6.244028000000128, 4.384306000000095], [6.247084000000029, 4.391529000000162]]], [[[6.132361000000117, 4.420695000000023], [6.139584000000184, 4.373471000000109], [6.10152700000009, 4.370695000000126], [6.086528000000044, 4.359859999999969], [6.080971000000147, 4.394027000000108], [6.132361000000117, 4.420695000000023]]], [[[6.127083000000027, 4.430140000000051], [6.1315270000000055, 4.424305000000118], [6.125695000000121, 4.4237490000001], [6.127083000000027, 4.430140000000051]]], [[[6.248194000000183, 4.436250000000086], [6.25791700000002, 4.432084000000145], [6.253194000000178, 4.426248999999984], [6.248194000000183, 4.436250000000086]]], [[[6.324027000000001, 4.425971000000118], [6.344027000000153, 4.415694000000144], [6.348471000000131, 4.375693000000126], [6.382916000000137, 4.350418000000161], [6.37986200000006, 4.338195000000098], [6.373748999999975, 4.339583000000005], [6.369305000000168, 4.338751000000116], [6.364860000000135, 4.325972000000036], [6.3562500000000455, 4.329306000000031], [6.347917000000166, 4.327362000000164], [6.34125100000017, 4.32291500000008], [6.338472999999965, 4.3287500000000705], [6.332916000000068, 4.329028000000164], [6.327362000000107, 4.325972000000036], [6.325972000000036, 4.318473000000097], [6.365417000000036, 4.325140000000147], [6.370416999999975, 4.338473000000022], [6.37986200000006, 4.336251000000004], [6.3854160000000775, 4.3479180000001065], [6.417360000000087, 4.308473000000106], [6.239305000000115, 4.294027000000142], [6.257639000000097, 4.346249], [6.261251000000186, 4.3315280000000485], [6.264861000000053, 4.329584000000125], [6.27208400000012, 4.3287500000000705], [6.267917000000125, 4.3179170000000795], [6.27319400000016, 4.316805000000102], [6.2781940000001555, 4.3179170000000795], [6.269027000000165, 4.318195000000173], [6.272918000000061, 4.329028000000164], [6.261251000000186, 4.332638000000031], [6.2601390000001516, 4.346527000000094], [6.266527000000053, 4.344861000000094], [6.27041800000012, 4.345695000000035], [6.270971000000088, 4.355416000000162], [6.294583000000102, 4.3579160000001025], [6.283194000000094, 4.345417000000111], [6.298193000000026, 4.3315280000000485], [6.296805000000063, 4.359584000000041], [6.312083000000143, 4.372083000000032], [6.314029000000062, 4.378194000000121], [6.312361000000067, 4.388471999999979], [6.30402800000013, 4.398473000000081], [6.30347200000017, 4.407640000000015], [6.324027000000001, 4.425971000000118]]], [[[6.269583000000125, 4.3670830000000365], [6.302084000000093, 4.402362000000153], [6.311251000000027, 4.374027000000126], [6.27152800000016, 4.35736200000008], [6.2673610000001645, 4.345695000000035], [6.269583000000125, 4.3670830000000365]]], [[[6.440416000000084, 4.308751000000029], [6.439584001000128, 4.305137999000124], [6.439305998999998, 4.308473000000106], [6.440416000000084, 4.308751000000029]]], [[[6.292082999999991, 4.402640000000076], [6.2915270000000305, 4.403471000000081], [6.294861000000026, 4.404862000000037], [6.293473000000063, 4.402915000000064], [6.292082999999991, 4.402640000000076]]], [[[6.3320840000001795, 4.4734730000000695], [6.342361000000153, 4.431528000000185], [6.30180600000017, 4.43486200000018], [6.300972000000058, 4.460972000000083], [6.30930700000016, 4.458750000000123], [6.3098600000000715, 4.46847200000019], [6.314029000000062, 4.464306000000079], [6.314861000000121, 4.468750000000057], [6.3234710000000405, 4.467084000000057], [6.3320840000001795, 4.4734730000000695]]], [[[6.0534710000001155, 4.4629160000001775], [6.059862000000123, 4.460416000000123], [6.056528000000128, 4.455139000000088], [6.0534710000001155, 4.4629160000001775]]], [[[5.700695000000053, 4.525417000000061], [5.724305000000072, 4.5079169999999635], [5.735418000000152, 4.492916000000093], [5.704583000000071, 4.515140000000031], [5.700695000000053, 4.525417000000061]]], [[[5.773473000000081, 4.689583000000084], [5.782639000000131, 4.685416000000089], [5.772638000000086, 4.685695000000123], [5.773473000000081, 4.689583000000084]]], [[[6.192084000000136, 4.595972000000131], [6.198472000000038, 4.578472999999974], [6.207639000000029, 4.575138000000095], [6.197638000000154, 4.5637490000001435], [6.194306000000154, 4.539584000000161], [6.208749000000012, 4.5209720000001425], [6.204861000000051, 4.457640000000083], [6.22430600000007, 4.443473000000154], [6.202360000000056, 4.42902700000019], [6.174860000000024, 4.516528000000164], [6.192084000000136, 4.595972000000131]]], [[[5.6601380000000745, 4.780972000000077], [5.687362000000178, 4.775139000000081], [5.6929170000000795, 4.779862000000037], [5.696529000000169, 4.810138000000109], [5.736806000000058, 4.794583000000046], [5.760972000000095, 4.795139000000006], [5.7695820000001845, 4.812362000000064], [5.779305000000136, 4.8051390000001675], [5.763750000000073, 4.782916000000171], [5.765694000000167, 4.773473000000081], [5.755139000000099, 4.771805000000086], [5.665695000000142, 4.673472000000061], [5.629028000000119, 4.6929170000000795], [5.581250000000068, 4.691527000000178], [5.5701400000000945, 4.715139000000022], [5.593749000000059, 4.731250000000102], [5.595139000000131, 4.7412510000001475], [5.609028000000023, 4.727640000000179], [5.612917000000095, 4.726248999999996], [5.6176390000001675, 4.726248999999996], [5.619027000000074, 4.727083999999991], [5.599583999999993, 4.742916999000045], [5.59430500000002, 4.7412510000001475], [5.592639001000123, 4.73124999900017], [5.579028000000051, 4.733749999000111], [5.57847200000009, 4.734860000000026], [5.581528000000162, 4.739304001000107], [5.582081999000081, 4.744027000000131], [5.566527000999997, 4.753193000000067], [5.567083000000082, 4.755694000000062], [5.572639999000103, 4.757361999000125], [5.57180600099997, 4.758194000000117], [5.566527000999997, 4.755972000000099], [5.566248999000095, 4.752082999000152], [5.581528000000162, 4.743751000000032], [5.57791599899997, 4.734306000000174], [5.58513900000014, 4.729028000000085], [5.565695000000176, 4.722916999999995], [5.529585001000157, 4.754306000000099], [5.5270840009999915, 4.776527000000158], [5.474306001000116, 4.861527999000145], [5.4548610000001645, 4.901251001000048], [5.453195001000097, 4.916806001000111], [5.516805000000147, 4.821251000000132], [5.552360000000135, 4.8248610010001585], [5.577362000000051, 4.807918000000086], [5.60819399899998, 4.817360000000065], [5.607915999999989, 4.8045830000000365], [5.612081999000168, 4.799027000000024], [5.631805999000051, 4.80986200000018], [5.668195000000026, 4.796251000000041], [5.6601380000000745, 4.786527999000157], [5.6601380000000745, 4.780972000000077]]], [[[5.4356930000001284, 4.946806000000095], [5.4393060000001014, 4.9451400000000945], [5.439028000000064, 4.944028000000117], [5.4356930000001284, 4.946806000000095]]], [[[6.5812510000001225, 4.4870840000000385], [6.5976400000000694, 4.457640000000083], [6.592918000000168, 4.3770840000001385], [6.56736200000006, 4.3606940000000805], [6.569584000000077, 4.385694000000171], [6.561527000000069, 4.394304999999974], [6.551806999999997, 4.393195000000162], [6.552916000000096, 4.421250999999984], [6.529583000000059, 4.442360000000065], [6.542084000000045, 4.477917000000048], [6.556804999999997, 4.461528000000101], [6.56069500000018, 4.461250000000177], [6.579860000000167, 4.471526000000097], [6.5812510000001225, 4.4870840000000385]]], [[[6.6729179999999815, 4.4223610000000235], [6.680972000000054, 4.4226390000001174], [6.679584000000148, 4.416807000000176], [6.6729179999999815, 4.4223610000000235]]], [[[6.598472000000186, 4.553473000000054], [6.612917000000039, 4.552917000000036], [6.597916000000168, 4.542084000000102], [6.598472000000186, 4.553473000000054]]], [[[6.614305000000172, 4.556251000000032], [6.613749000000155, 4.5454160000001025], [6.607082000000105, 4.545972000000063], [6.612917000000039, 4.55152900000013], [6.614305000000172, 4.556251000000032]]], [[[6.637361000000169, 4.5965280000001485], [6.647640000000138, 4.561805000000049], [6.676249999999982, 4.532083], [6.6448610000000485, 4.507361000000174], [6.61541700000015, 4.543194000000085], [6.6212500000001455, 4.556527000000131], [6.607917000000043, 4.558751000000143], [6.612639000000172, 4.566528000000005], [6.612639000000172, 4.578472999999974], [6.618471000000056, 4.580417000000068], [6.620418000000029, 4.5829170000001795], [6.616527000000133, 4.590140000000076], [6.637361000000169, 4.5965280000001485]]], [[[6.585695000000101, 4.639583000000016], [6.622916000000146, 4.629860000000065], [6.612361000000078, 4.612917000000095], [6.622362000000123, 4.596250000000055], [6.615971000000172, 4.59041800000017], [6.619583000000034, 4.582639000000086], [6.612083000000155, 4.578751000000068], [6.604582000000164, 4.556805000000054], [6.585695000000101, 4.639583000000016]]], [[[6.5837490000000685, 4.67180500000012], [6.585695000000101, 4.668749000000048], [6.5812510000001225, 4.67180500000012], [6.5837490000000685, 4.67180500000012]]], [[[6.336529000000098, 4.472083000000168], [6.343195000000037, 4.472917000000052], [6.344583000000171, 4.461528000000101], [6.336529000000098, 4.472083000000168]]]]}}, {"type": "Feature", "properties": {"state": "Benue", "lon": 8.852, "lat": 7.266}, "geometry": {"type": "Polygon", "coordinates": [[[8.151064873000166, 6.7588849070001515], [8.091430664000086, 6.697382927000149], [7.987957955000127, 6.69499397300001], [7.951807023000015, 6.528812886000139], [7.929027081000129, 6.51928186400005], [7.900360108000086, 6.531303883000078], [7.825067997000133, 6.61563921000004], [7.864606857000069, 6.73400783600016], [7.850137234000044, 6.824687958000084], [7.827141762000053, 6.859223843000052], [7.75711584000004, 6.883488178000164], [7.687574864000169, 6.837611198000161], [7.640410899000187, 6.862175942000135], [7.535796165000136, 6.960853101000168], [7.491541863000123, 7.065885068000171], [7.500352859000145, 7.082574845000067], [7.56837892599998, 7.020049095000104], [7.631855011000141, 7.004664899000147], [7.637391090000165, 7.0760860450001815], [7.652772903000027, 7.099356174000036], [7.756785870000101, 7.149721146000104], [7.810231208999994, 7.1997947700000395], [7.848320007000041, 7.357173920000093], [7.881534100000067, 7.426740170000073], [7.804230213000153, 7.429213048000065], [7.783722877000173, 7.446172238000145], [7.763687133000076, 7.5353322030001095], [7.754314899000178, 7.756270886000095], [7.66857385600008, 7.880005837000056], [7.665016174000073, 8.020207406000111], [7.949916840000071, 7.960107803000085], [8.170141219000072, 7.857613087000175], [8.27219772400008, 7.843876839000131], [8.325725555000076, 7.798669815000153], [8.411959648000163, 7.762828826000032], [8.431757926000103, 7.8024010649999695], [8.355817795000007, 7.9898691170001825], [8.354625702000078, 8.030494691000172], [8.391057969000087, 8.099312783000073], [8.45488739000018, 8.134675980000111], [8.562248230000023, 8.13492202700013], [8.725209237000172, 8.075160981000181], [8.869718551000062, 8.045245169999987], [8.978905677000057, 8.04710960400007], [8.978979111000115, 8.058293343000003], [9.171274184000083, 7.913013936000084], [9.108222007000052, 7.8183641430000534], [9.138954162000061, 7.8091292380000255], [9.23781108899999, 7.851490975000047], [9.35849762000015, 7.866934777000154], [9.490560531000085, 7.859100819000162], [9.611484527000016, 7.830706119000183], [9.901386261000141, 7.538643838000155], [9.918083191000164, 7.506199838000157], [9.913417816000049, 7.408682822999992], [9.874984742000095, 7.313741207000078], [9.879684447000045, 7.218272209000077], [9.759229660000074, 7.111429214000111], [9.705828666000173, 7.0119471550001435], [9.671729088000177, 6.826402188000145], [9.675789833000124, 6.655611038000131], [9.645057678000114, 6.523581028000137], [9.594839096999976, 6.528948307000064], [9.587982178000118, 6.475166322000177], [9.528005600000085, 6.443352223000147], [9.467367172000138, 6.45602369300002], [9.379507064000109, 6.582733155000085], [9.290161133000026, 6.675254823000159], [9.216138839000052, 6.690455913000051], [9.061574936, 6.654177190000155], [8.990773201000025, 6.661264897000137], [8.97130680100014, 6.675675870000077], [8.972852706000083, 6.779252053000107], [8.833415032000005, 6.8660640720001425], [8.745658875000174, 6.893397808000088], [8.6741828910001, 6.884928226000113], [8.615515709000022, 6.854784013000028], [8.627968787999976, 6.782129764000047], [8.577369689000022, 6.751156807000029], [8.526821136000137, 6.73771381500012], [8.400395394000043, 6.743559838000181], [8.34032630900009, 6.6836810110001466], [8.295136452000179, 6.673145771999998], [8.27894878300009, 6.685880184000098], [8.250931739999999, 6.781175136000115], [8.222640992000095, 6.802190781000036], [8.206108092000136, 6.764867782000181], [8.151064873000166, 6.7588849070001515]]]}}, {"type": "Feature", "properties": {"state": "Borno", "lon": 13.46, "lat": 11.888}, "geometry": {"type": "Polygon", "coordinates": [[[11.913846969000076, 10.059447289000047], [11.853075981000188, 10.105582238000181], [11.802554131000136, 10.204339028000106], [11.711091041000088, 10.241737366000052], [11.681487083000036, 10.27078533200006], [11.629269598999997, 10.372333528000013], [11.71284103500011, 10.493185043000153], [11.722916601999998, 10.541389465000123], [11.701054573000079, 10.594244004000018], [11.750283242000023, 10.605193139000107], [11.805223464000107, 10.67757892600008], [11.800794601000007, 10.811541556999998], [11.838437080000176, 10.900965691000124], [11.881325721999985, 10.931648254000095], [12.062541962000012, 10.979930877000129], [12.16121482800014, 11.038122176000172], [12.19489574400012, 11.087340355000094], [12.18595981499999, 11.247824670000114], [12.200364113000091, 11.293405533000168], [12.389696122000032, 11.544954301000189], [12.37615585300017, 11.598061562000055], [12.32561779000008, 11.657674790000044], [12.246278764000067, 11.654424668000104], [12.233587264000164, 11.690958023000121], [12.309858323000071, 11.836433412000133], [12.282438277999972, 11.954845428000112], [12.325632095000117, 12.269430162000162], [12.32649993800004, 12.361337661000107], [12.298615455999993, 12.42216777900012], [12.307467461000101, 12.457118989000094], [12.421627046000026, 12.557336808000002], [12.489641190000043, 12.672993660000088], [12.481809616000078, 12.732303619000163], [12.38089656699998, 12.821973801000183], [12.36092853600013, 12.883070947000022], [12.386404990000074, 13.076771736000182], [12.480481148000138, 13.0647201540001], [12.48093891200017, 13.083580017000145], [12.496899605000124, 13.083819389000041], [12.494764328000088, 13.128905296000028], [12.558849336000094, 13.157670022000048], [12.565177917000142, 13.19310379000018], [12.543574333000038, 13.192411422000077], [12.536058426000181, 13.212424278000015], [12.552886964000095, 13.20371818500007], [12.578932762000022, 13.268305779000116], [12.626111030000061, 13.272311211000044], [12.64704036600017, 13.300521851000099], [12.67367362900012, 13.272912027000189], [12.69294357200016, 13.313161850000085], [12.721599580000088, 13.306710243000168], [12.714556695000113, 13.316830635000144], [12.738289832000135, 13.321418762000064], [12.753338814000017, 13.35361862100001], [12.7874097830001, 13.361183166000046], [12.822216987000047, 13.405550957000116], [12.831611633000023, 13.397953034000182], [12.831621170000005, 13.417270661000089], [12.815178872000104, 13.423269272000027], [12.837980271000106, 13.42900085400015], [12.837760925000055, 13.442568779000169], [12.86124897100018, 13.43657016800006], [12.862455368000042, 13.465550424000185], [12.849294663000137, 13.47039318100002], [12.8784408570001, 13.47013282800009], [12.87705993700007, 13.497050285000114], [12.924010277000036, 13.483248711000044], [12.970590592000065, 13.515482903000077], [13.046707154000046, 13.524408342000072], [13.064958572000137, 13.547148704999984], [13.08142089800009, 13.545741081000074], [13.067050935000111, 13.527138710000031], [13.090769769000133, 13.514676093000105], [13.10562133700006, 13.53534984700002], [13.127448082000058, 13.518981935000056], [13.124197960000117, 13.539683342000046], [13.148201942000071, 13.547690393000039], [13.143190383000103, 13.514801979000026], [13.183899880000183, 13.532200814000191], [13.198663712000155, 13.510315896000066], [13.214268684000047, 13.550298690000147], [13.241099358000099, 13.563579560000107], [13.235510826000109, 13.58475971200005], [13.26515960800009, 13.594116211000141], [13.248271942000088, 13.613018989000068], [13.353783608000072, 13.71444511400017], [13.634547235000184, 13.710688591000121], [14.085430145000089, 13.078060151000102], [14.197015761999978, 12.503890038000065], [14.17406463600014, 12.479626656000107], [14.178705216000026, 12.448230743000067], [14.194379806000029, 12.448144914000181], [14.170649529000059, 12.410420418000058], [14.220512390000067, 12.362357139000096], [14.273164750000035, 12.373459817000025], [14.292967796000028, 12.355639459000088], [14.291404758000056, 12.372511861000078], [14.309041023000077, 12.358560563000026], [14.32888700000018, 12.37466499900006], [14.378778396000143, 12.356987017000051], [14.433463000000188, 12.369172000000049], [14.447964668000111, 12.346841812000036], [14.4634618770001, 12.3593482980001], [14.487196922000123, 12.35150051000005], [14.48532772100009, 12.340074540000046], [14.520476341000062, 12.324731826000118], [14.511007310000025, 12.296224595000183], [14.559705734000033, 12.259269716000063], [14.54865646400009, 12.23532295300015], [14.59113597999999, 12.22649097500016], [14.607315063000101, 12.19702720700019], [14.597469329000091, 12.190304757000149], [14.613546372000087, 12.18295669500003], [14.659425735000184, 12.19711113000011], [14.675124168000139, 12.16862392500002], [14.633988380000005, 12.091799735999984], [14.653055191000135, 12.062335968000014], [14.619688035000138, 12.040309906000118], [14.653692246000162, 11.95700454700011], [14.633703232000073, 11.931569100000104], [14.642041205000112, 11.910140991000048], [14.602794646000063, 11.86496162400016], [14.612629890000107, 11.780608178000023], [14.548465728000167, 11.722993851000126], [14.599097253000139, 11.700576782999974], [14.640677451000045, 11.650767327000096], [14.650196075000167, 11.609241486000144], [14.614504815000089, 11.512958526999967], [14.516143798000144, 11.472787857000185], [14.466142655000056, 11.424970626000118], [14.428277016000095, 11.419939994999993], [14.357070922000105, 11.35559272800009], [14.235692979000135, 11.288714408999965], [14.198806763000107, 11.252754211000024], [14.1249732980001, 11.258124353000085], [13.980623244000014, 11.318759919000115], [13.910208702000034, 11.173741340999982], [13.812273025000081, 11.069156648000046], [13.792529104999971, 11.009667397999976], [13.734724044000131, 11.011379243000135], [13.726331711, 10.983454705000156], [13.694741248000014, 10.966831208000087], [13.691699983000035, 10.938963890000025], [13.538529396000115, 10.906577110000171], [13.468030929000179, 10.936576843000125], [13.418107987000099, 10.929787637000118], [13.399367332000168, 10.73631000600011], [13.33592128700019, 10.587402343000178], [13.31199169200005, 10.46344852500016], [13.293533325000055, 10.443913460000033], [13.22255420700003, 10.443702697000106], [13.184227943000053, 10.460021019000067], [13.144959449999988, 10.478434562000132], [13.099069595000117, 10.528099060000159], [13.011066437000181, 10.56946563800011], [12.873454093000134, 10.582102775000067], [12.798849105000158, 10.524038314000052], [12.763087274000156, 10.46489715500013], [12.671483994000084, 10.444445610000002], [12.658279420000156, 10.401780127999984], [12.618826866000063, 10.359990120000134], [12.523500442000113, 10.324380876000077], [12.38129329600008, 10.302644729999997], [12.22093772900007, 10.100946426000121], [12.165317535000042, 10.053417206000006], [12.04794216200014, 10.029216767000094], [11.913846969000076, 10.059447289000047]]]}}, {"type": "Feature", "properties": {"state": "Cross River", "lon": 8.4, "lat": 5.786}, "geometry": {"type": "Polygon", "coordinates": [[[8.317894935000027, 4.750968933000138], [8.136596680000082, 4.928526878000071], [8.071522713000036, 5.030914783000185], [8.053861618000099, 5.109885216000123], [8.058699607000051, 5.223999023000033], [7.978592873000139, 5.267350197000098], [7.901565074000132, 5.258284091999997], [7.867372037000109, 5.314231874000143], [7.883400918000177, 5.363328934000094], [7.952261925000187, 5.3526968960000545], [7.9620451929999945, 5.372371196000074], [7.8882207860000335, 5.548039913000025], [7.895256996000057, 5.669498921000184], [7.877814769000111, 5.690326215000027], [7.88397693700017, 5.728980064000041], [7.921729089000053, 5.779322148000119], [7.915957928000125, 5.82232904500006], [7.977029800000025, 5.901572229000124], [7.962916850999989, 5.985785961999966], [8.041974068000059, 6.006124973000169], [8.08536243399999, 5.933406830000081], [8.107143402000077, 5.96694898700008], [8.177514077000126, 6.007046224000135], [8.182010650000109, 6.028193950000173], [8.212331771000038, 6.032982827000183], [8.247558594000168, 6.012540818000161], [8.286623000000134, 6.130224228000088], [8.39847373900011, 6.26581478200012], [8.368533134000074, 6.356298924000157], [8.395274161999964, 6.38260221500002], [8.430695534000108, 6.388689995000163], [8.440187454000181, 6.433053016000031], [8.417817115000105, 6.449122906000014], [8.404495239000084, 6.510715007999977], [8.375679970000022, 6.556423187000121], [8.299964905000081, 6.629000188000134], [8.291958809999983, 6.675646782000172], [8.34032630900009, 6.6836810110001466], [8.400395394000043, 6.743559838000181], [8.526821136000137, 6.73771381500012], [8.577369689000022, 6.751156807000029], [8.627968787999976, 6.782129764000047], [8.615515709000022, 6.854784013000028], [8.64007091500008, 6.874205113000073], [8.73138046300005, 6.895486833000007], [8.833415032000005, 6.8660640720001425], [8.972852706000083, 6.779252053000107], [8.97130680100014, 6.675675870000077], [8.990773201000025, 6.661264897000137], [9.061574936, 6.654177190000155], [9.216138839000052, 6.690455913000051], [9.290161133000026, 6.675254823000159], [9.379507064000109, 6.582733155000085], [9.465385436000133, 6.461815834000049], [9.432669640000029, 6.3206906310001045], [9.343441964000021, 6.351086140000177], [9.333715439000173, 6.293262005000145], [9.265694619000158, 6.184167860999992], [9.211695671000143, 6.1673088080001435], [9.167497635000188, 6.130717279000066], [9.133093835000011, 6.072074891000113], [8.945055961000094, 5.91119432500011], [8.91225719400012, 5.90246009800012], [8.902874947000043, 5.863131523000106], [8.840001106000159, 5.826342583000155], [8.847064019000015, 5.792301178000059], [8.872360230000083, 5.801792146000025], [8.883420943000147, 5.777463913000133], [8.854125022999995, 5.708680153000046], [8.83218288400002, 5.705854893000037], [8.836645126000121, 5.679552555000157], [8.89859676400016, 5.624197006000088], [8.920332908000091, 5.5647006030000625], [8.831048011000007, 5.429977895000036], [8.840230942000176, 5.3877615920001745], [8.81515693700004, 5.283845902000053], [8.818734169000095, 5.185620784999969], [8.781618118000154, 5.1133089060001], [8.725268364000158, 5.074828626000169], [8.71559619900006, 5.0319385530001455], [8.68079567000018, 4.998505592000129], [8.69408035300006, 4.988158227000099], [8.650899887000094, 4.94272518300005], [8.651936531000047, 4.914961815000083], [8.608072280000101, 4.88513612700001], [8.628655435000042, 4.820330619999993], [8.592931748000012, 4.800218583000117], [8.544938087000162, 4.800366402000179], [8.522360802000037, 4.733749866000153], [8.531805992000102, 4.710415840000053], [8.480137825000156, 4.689029217000041], [8.455694198000117, 4.700140000000147], [8.464583397000126, 4.727362156000083], [8.481805801000121, 4.729306222000048], [8.461250305000021, 4.755417823000187], [8.448471069000163, 4.735693932000061], [8.41625118200011, 4.727918147000025], [8.38569545700011, 4.747361183000066], [8.41319465600003, 4.767917156999999], [8.360138893000169, 4.786528111000166], [8.317894935000027, 4.750968933000138]]]}}, {"type": "Feature", "properties": {"state": "Delta", "lon": 6.34, "lat": 5.774}, "geometry": {"type": "MultiPolygon", "coordinates": [[[[5.911343902000112, 5.111108946000172], [5.815671000000123, 5.091283000000033], [5.694776000000047, 5.0248280000000705], [5.642128000000071, 5.024340000000166], [5.582574000000022, 5.068033000000128], [5.486454000000094, 5.106355000000065], [5.452559000000122, 5.14041600000013], [5.465416000000062, 5.1454170000001795], [5.471806000000129, 5.175417000000095], [5.479861000000142, 5.1723610000000235], [5.481527000000142, 5.184584000000086], [5.484861000000137, 5.179305000000113], [5.497916000000089, 5.1773610000001895], [5.481249000000048, 5.185418000000027], [5.479861000000142, 5.174583000000041], [5.472360000000151, 5.176527000000135], [5.467084000000057, 5.170139000000063], [5.45291700000007, 5.17902700000019], [5.461249000000066, 5.222638000000131], [5.491250000000093, 5.221249999999998], [5.498472000000106, 5.225417000000164], [5.5045820000000845, 5.241806000000167], [5.511249000000134, 5.232361000000083], [5.519306000000142, 5.234305000000177], [5.518472000000031, 5.225973000000181], [5.521528000000103, 5.225695000000087], [5.519862000000103, 5.236526999999967], [5.506805000000156, 5.2434720000001676], [5.502360000000067, 5.242362000000128], [5.492083999999977, 5.224307000000181], [5.458751000000177, 5.229305000000181], [5.492640000000165, 5.256249000000025], [5.492083999999977, 5.267084000000182], [5.487361000000021, 5.276804000000084], [5.502081999999973, 5.278473000000133], [5.511527000000058, 5.2706940000001055], [5.5209720000001425, 5.27152800000016], [5.528472000000022, 5.276529000000039], [5.534027000000094, 5.285417000000052], [5.534305000000188, 5.295138000000009], [5.540971000000184, 5.28819500000003], [5.544584000000157, 5.287639000000013], [5.556807000000049, 5.300972000000115], [5.56069500000018, 5.279305000000079], [5.566804999999988, 5.2754160000001775], [5.576250000000073, 5.274028000000044], [5.5565290000001255, 5.302915999999982], [5.532639000000188, 5.29597200000012], [5.518472000000031, 5.272084000000177], [5.503751000000079, 5.279861000000039], [5.493749999999977, 5.279305000000079], [5.492916000000093, 5.283195000000035], [5.500138000000106, 5.288471000000129], [5.500138000000106, 5.291249000000107], [5.481249000000048, 5.3134730000000445], [5.4790290000000255, 5.315139000000045], [5.47430600000007, 5.3134730000000445], [5.4684720000001334, 5.299860000000081], [5.457917000000066, 5.308751000000143], [5.471806000000129, 5.316805000000045], [5.4726380000000745, 5.3273600000001124], [5.489305000000115, 5.325972000000036], [5.4945840000000885, 5.336805000000027], [5.493194000000187, 5.325416000000018], [5.502360000000067, 5.318471000000045], [5.524028000000044, 5.319584000000134], [5.500694000000067, 5.325694000000112], [5.514027000000112, 5.341249000000175], [5.4976380000001654, 5.325416000000018], [5.496250000000089, 5.338473000000022], [5.491528000000187, 5.336805000000027], [5.484583000000043, 5.326528000000053], [5.457638999999972, 5.337083000000121], [5.464028000000155, 5.347362000000089], [5.50708300000008, 5.354860000000144], [5.5420830000001615, 5.367639000000054], [5.5484720000001175, 5.352084000000161], [5.554306000000054, 5.38847300000009], [5.604306000000122, 5.334028999999987], [5.583472000000086, 5.307361000000071], [5.607362000000023, 5.312361000000067], [5.609581999999989, 5.314861000000178], [5.6087500000001, 5.319584000000134], [5.6104160000001, 5.320140000000151], [5.615695000000073, 5.3081950000001825], [5.618195000000128, 5.3081950000001825], [5.623749000000146, 5.311251000000084], [5.6309720000000425, 5.3023600000000215], [5.638751000000127, 5.302084999999977], [5.6104160000001, 5.32097200000004], [5.607915999999989, 5.320140000000151], [5.605972000000122, 5.312917000000084], [5.6045839999999885, 5.333195000000103], [5.615695000000073, 5.333473000000026], [5.639028999999994, 5.362639000000058], [5.64902700000016, 5.347916000000055], [5.670417000000043, 5.338473000000022], [5.6784710000001155, 5.349306000000183], [5.699583000000075, 5.3562500000000455], [5.714860000000044, 5.371527000000185], [5.719028999999978, 5.385973000000149], [5.701805000000036, 5.410694000000092], [5.691804000000161, 5.4204170000001], [5.656806000000074, 5.434028000000069], [5.660972000000129, 5.43958200000003], [5.667639000000065, 5.452362000000164], [5.7004170000001295, 5.457916000000182], [5.709306000000026, 5.470695000000035], [5.711806000000138, 5.494029000000182], [5.727083000000107, 5.507084000000134], [5.729026999999974, 5.513472000000036], [5.704027000000053, 5.539028000000144], [5.662082000000169, 5.544306000000063], [5.659584000000052, 5.566250000000082], [5.6559720000001334, 5.568750000000023], [5.6465270000001055, 5.566806000000099], [5.63819500000011, 5.572360000000117], [5.63986100000011, 5.598194000000092], [5.6309720000000425, 5.601251000000104], [5.636807000000033, 5.604861000000028], [5.637085000000127, 5.607361000000083], [5.630416000000025, 5.614028000000189], [5.634584000000132, 5.616806000000167], [5.635416000000021, 5.6184720000001676], [5.638751000000127, 5.614862000000073], [5.6493050000000835, 5.617362000000128], [5.6631941800001755, 5.635694980000039], [5.660416000000168, 5.647362000000101], [5.668195000000026, 5.647638000000029], [5.67180500000012, 5.655973000000074], [5.676805000000115, 5.655139000000133], [5.684028000000183, 5.655973000000074], [5.67180500000012, 5.6568050000001335], [5.660972000000129, 5.649028000000101], [5.643751000000066, 5.61625000000015], [5.63819500000011, 5.617084000000091], [5.642360999999994, 5.62708200000003], [5.640139000000033, 5.630973000000097], [5.634584000000132, 5.63402700000006], [5.630416000000025, 5.633749000000137], [5.625972000000047, 5.626529000000119], [5.625140000000158, 5.613193000000024], [5.616805000000056, 5.624306000000047], [5.6104160000001, 5.625138000000163], [5.598750000000109, 5.591250000000059], [5.595139000000131, 5.6054169999999885], [5.58013800000009, 5.605973000000176], [5.575972000000149, 5.582083000000068], [5.564583000000027, 5.603195000000028], [5.540139000000067, 5.606805000000122], [5.537639000000183, 5.637917000000186], [5.551528000000019, 5.630417000000136], [5.577916000000073, 5.638749000000132], [5.592361000000153, 5.672084000000098], [5.605694000000028, 5.664583000000164], [5.643751000000066, 5.67097200000012], [5.605138000000181, 5.66597100000007], [5.590139000000136, 5.679028000000187], [5.591527000000042, 5.701806000000147], [5.597917999999993, 5.704306000000031], [5.602638000000127, 5.709307000000138], [5.603194000000087, 5.713195000000098], [5.590417000000059, 5.70125000000013], [5.58013800000009, 5.649862000000155], [5.552360000000135, 5.6348610000001145], [5.537083000000166, 5.642362000000105], [5.538195000000144, 5.623472000000163], [5.501806000000045, 5.620694000000128], [5.480695000000026, 5.637639000000092], [5.492083999999977, 5.6395830000001865], [5.492640000000165, 5.650694000000101], [5.4790290000000255, 5.639305000000093], [5.484027000000026, 5.63291700000002], [5.483749000000103, 5.631529000000114], [5.435418000000141, 5.656529000000035], [5.458473000000083, 5.684583000000089], [5.474860000000035, 5.680416000000093], [5.466250000000173, 5.676250000000039], [5.466806000000133, 5.664583000000164], [5.507361000000174, 5.654303999999968], [5.5129170000001295, 5.657361000000151], [5.5209720000001425, 5.693471000000102], [5.525138000000027, 5.687917000000084], [5.533194999999978, 5.682917000000089], [5.55402800000013, 5.681807000000106], [5.555972000000054, 5.684027000000071], [5.5529160000001525, 5.689305000000161], [5.545140000000117, 5.695694000000174], [5.54486200000008, 5.698194000000058], [5.56236100000018, 5.713195000000098], [5.562639000000104, 5.715973000000076], [5.558473000000049, 5.721527999999978], [5.544027000000085, 5.698472000000152], [5.544306000000063, 5.695694000000174], [5.554860000000019, 5.685695000000067], [5.554582000000153, 5.6831950000001825], [5.531528999999978, 5.684305000000165], [5.51624900000013, 5.722916000000112], [5.497916000000089, 5.745695000000126], [5.506529000000057, 5.766251000000068], [5.520416000000125, 5.7548600000001215], [5.53791700000005, 5.7548600000001215], [5.53791700000005, 5.762361000000112], [5.532639000000188, 5.770695000000046], [5.5081950000000575, 5.782360000000153], [5.517918000000009, 5.791529000000082], [5.522638000000143, 5.814860000000124], [5.527084000000116, 5.814029000000119], [5.522638000000143, 5.802640000000167], [5.523194000000103, 5.797916999999984], [5.525972000000081, 5.794305000000122], [5.553194000000019, 5.779028000000153], [5.5662490000000275, 5.776250000000118], [5.524862000000098, 5.7970830000001], [5.529585000000111, 5.81652900000006], [5.52208400000012, 5.81652900000006], [5.518472000000031, 5.813750000000141], [5.506529000000057, 5.782084000000054], [5.53625100000005, 5.757084000000077], [5.506805000000156, 5.768195000000162], [5.496250000000089, 5.752362000000176], [5.497916000000089, 5.7412510000001475], [5.515417000000014, 5.719583000000171], [5.510695000000112, 5.707638000000031], [5.484027000000026, 5.707638000000031], [5.472360000000151, 5.737083000000041], [5.45402700000011, 5.7548600000001215], [5.407916999999998, 5.705694000000108], [5.359862000000135, 5.695418000000075], [5.347917000000166, 5.709029000000044], [5.327361000000053, 5.715417000000116], [5.342638000000022, 5.742639000000054], [5.333472000000086, 5.787638000000015], [5.367084000000091, 5.802362000000073], [5.381249000000082, 5.822639000000038], [5.409305000000131, 5.819029000000114], [5.415694000000087, 5.828749000000187], [5.424861000000078, 5.823195000000055], [5.44458400000002, 5.82152700000006], [5.45402700000011, 5.824861000000055], [5.4629180000001725, 5.805694000000074], [5.4684720000001334, 5.8059720000001676], [5.471528000000035, 5.809306000000163], [5.4548610000001645, 5.825971000000038], [5.416528000000028, 5.832638000000088], [5.40847100000002, 5.820139000000154], [5.379583000000082, 5.823471000000154], [5.363750000000152, 5.802640000000167], [5.349583000000166, 5.812916000000087], [5.326527000000112, 5.811250000000086], [5.322917000000018, 5.818473000000154], [5.333194000000049, 5.822639000000038], [5.337084000000175, 5.844583000000057], [5.307640000000049, 5.85847200000012], [5.314028000000178, 5.880696000000057], [5.306806000000165, 5.887362000000053], [5.293749000000048, 5.8843060000001515], [5.296249000000103, 5.908749], [5.290417000000048, 5.917084000000102], [5.10930500000012, 5.823749000000021], [5.0684720000000425, 5.77097300000014], [5.0548610000000735, 5.77208300000018], [5.003692000000058, 5.856250000000159], [5.115180969000164, 6.126963138000065], [5.2297510330000705, 6.054752889000042], [5.220768929000087, 5.984312058000057], [5.2321600910000825, 5.903143004000185], [5.2589578630000915, 5.904301167000142], [5.325137139000162, 5.956462861000034], [5.330324173000179, 6.020508767000138], [5.445601000000124, 6.024775999999974], [5.53309900000005, 5.981527000000028], [5.563039780000054, 6.020002843000043], [5.645712852000031, 6.049969196999996], [5.7988138200001345, 5.965693951000162], [5.8310909279999805, 5.919926166000039], [5.894203186000141, 5.881937981000078], [5.901835918000188, 5.8684268000001225], [5.868925094000133, 5.80323886900004], [5.894824982000102, 5.777188778000038], [5.883504867000056, 5.7480840690001855], [5.917990208000106, 5.738957881000033], [6.002530099000126, 5.755743980000091], [6.076622963000034, 5.797620773000119], [6.189665793000188, 5.90689182300008], [6.21463823300013, 5.937839986000029], [6.225870132000182, 5.990249157000051], [6.221244813000169, 6.018474102000084], [6.154881001000092, 6.055133820000037], [6.090414047000138, 6.1522021300000915], [6.0817389480001225, 6.230097771000089], [6.051671029000147, 6.255293846000029], [6.068513871000164, 6.326293946000021], [6.097321986000168, 6.351872922000098], [6.124254226000119, 6.346798897000099], [6.192625999000143, 6.2771167760001845], [6.257757186000106, 6.35029077500019], [6.376543045000176, 6.400404931000082], [6.508780957000113, 6.483047962000171], [6.635179997000137, 6.4898900990000925], [6.6655039780001175, 6.52277994100001], [6.7605957990001, 6.148853779000035], [6.740022182000018, 6.089912892000143], [6.7338390350001305, 5.992664815000069], [6.693405151000036, 5.919068814000184], [6.659407140000155, 5.800607205000119], [6.608354092000184, 5.712886809999986], [6.625904083000023, 5.65560579300012], [6.612607002000175, 5.604156971999998], [6.553905964000137, 5.52879476600009], [6.550909043000047, 5.443026067000176], [6.490548134999983, 5.408063888000072], [6.512465954000106, 5.349787235000122], [6.411007880000113, 5.3005318640001065], [6.310334205000117, 5.299709796000116], [6.277865886000143, 5.233358860000067], [6.207261085000084, 5.2359490400001505], [6.205718040000079, 5.183143139000151], [6.133823871000118, 5.148841859000129], [6.085168839000119, 5.152670861000047], [6.055932999000163, 5.114871979000043], [6.004252910000105, 5.117136956000081], [5.947366000000045, 5.168862000000104], [5.911343902000112, 5.111108946000172]]], [[[5.695417000000134, 5.413473000000181], [5.716528000000039, 5.379028000000176], [5.699027000000058, 5.358195000000023], [5.676527000000021, 5.3506940000000895], [5.670973000000004, 5.340973000000076], [5.642083000000127, 5.365139000000113], [5.622639000000163, 5.350416000000166], [5.615973000000167, 5.338195000000098], [5.607638000000122, 5.3351390000000265], [5.579860000000167, 5.375137999999993], [5.612639000000172, 5.379584000000023], [5.636807000000033, 5.400694000000158], [5.637360000000115, 5.399306000000024], [5.635416000000021, 5.394861000000162], [5.635694000000115, 5.393195000000162], [5.658194000000151, 5.428194000000133], [5.695417000000134, 5.413473000000181]]], [[[5.605972000000122, 5.379306000000099], [5.594583000000114, 5.378194000000121], [5.590139000000136, 5.379584000000023], [5.608194000000083, 5.384307000000149], [5.61708300000015, 5.38847300000009], [5.605972000000122, 5.379306000000099]]], [[[5.637638000000038, 5.405694000000096], [5.639304000000038, 5.402362000000096], [5.636250000000132, 5.401528000000042], [5.637638000000038, 5.405694000000096]]], [[[5.708194000000049, 5.4765270000001465], [5.66513800000007, 5.450971000000038], [5.6629160000000525, 5.457084000000066], [5.649583000000177, 5.455138000000034], [5.652084000000173, 5.459584000000177], [5.65069300000016, 5.470417000000168], [5.645973000000083, 5.486806000000115], [5.644026999999994, 5.488472000000115], [5.621249000000091, 5.494861000000071], [5.616251000000091, 5.49097200000017], [5.611804000000177, 5.482362000000137], [5.607362000000023, 5.481250000000102], [5.602362000000028, 5.477918000000102], [5.59263900000002, 5.492082000000039], [5.572362000000055, 5.484306000000004], [5.568195000000117, 5.480418000000043], [5.564861000000121, 5.471805000000074], [5.550972000000058, 5.47736100000003], [5.556807000000049, 5.489028000000076], [5.549862000000019, 5.502917000000139], [5.617917000000091, 5.5065280000001735], [5.605694000000028, 5.514306000000147], [5.613195000000189, 5.526249000000121], [5.61708300000015, 5.540138000000184], [5.644305000000088, 5.527083000000175], [5.662360000000035, 5.539862000000085], [5.682640000000106, 5.5309740000000716], [5.699861000000169, 5.532640000000072], [5.724305000000072, 5.508194000000174], [5.710972000000027, 5.494029000000182], [5.708194000000049, 5.4765270000001465]]], [[[5.605972000000122, 5.535693999999978], [5.612639000000172, 5.529027000000099], [5.606528000000083, 5.5201390000001425], [5.605972000000122, 5.535693999999978]]], [[[5.6756950000001325, 5.539862000000085], [5.679028000000187, 5.535140000000183], [5.673195000000021, 5.536806000000183], [5.6756950000001325, 5.539862000000085]]], [[[5.325695000000053, 5.3643050000000585], [5.354305000000068, 5.348750000000166], [5.427361000000133, 5.362639000000058], [5.380139000000099, 5.29486200000008], [5.3929160000001275, 5.30180600000017], [5.414306000000181, 5.340694999999982], [5.429027000000133, 5.335973000000081], [5.441528000000119, 5.363195000000019], [5.456251000000066, 5.3329170000001795], [5.471250000000168, 5.323472000000152], [5.470416000000057, 5.3181930000001785], [5.458473000000083, 5.312361000000067], [5.450973000000033, 5.301249999999982], [5.468750000000057, 5.298750000000098], [5.478473000000008, 5.314305000000161], [5.499584000000084, 5.290693000000147], [5.492083999999977, 5.283195000000035], [5.491250000000093, 5.278751000000057], [5.486805000000004, 5.277917000000173], [5.485973000000115, 5.275138000000084], [5.4918060000001105, 5.2570830000001365], [5.456527000000165, 5.238472000000172], [5.448472000000038, 5.199861000000055], [5.410417999999993, 5.204027000000167], [5.413194000000033, 5.21847200000019], [5.402639000000136, 5.222638000000131], [5.407639000000131, 5.230139000000065], [5.408196000000032, 5.2415280000000735], [5.408196000000032, 5.250695000000007], [5.404027000000042, 5.256249000000025], [5.401527000000158, 5.2234730000000695], [5.410140000000126, 5.202639000000033], [5.445972000000097, 5.1959730000000945], [5.4618050000000835, 5.155971000000022], [5.385972000000095, 5.139028000000053], [5.352361000000144, 5.175695000000189], [5.325695000000053, 5.3643050000000585]]], [[[5.390416000000073, 5.304860001000179], [5.388750001000176, 5.300693999000089], [5.387640001000136, 5.301249999999982], [5.390416000000073, 5.304860001000179]]], [[[5.414306000000181, 5.419305000000065], [5.432361000000128, 5.388195000000167], [5.350139000000183, 5.392917000000068], [5.256528000000003, 5.433194000000128], [5.203472000000033, 5.477639000000124], [5.159583000000055, 5.544582000000162], [5.212917000000118, 5.601251000000104], [5.37319500000018, 5.5856930000001626], [5.353471000000184, 5.556805000000054], [5.3609720000001175, 5.541528000000085], [5.352917000000161, 5.533471000000077], [5.3554180000001566, 5.5093060000001515], [5.359028000000023, 5.500695000000178], [5.366250000000036, 5.496805000000165], [5.366250000000036, 5.491807000000165], [5.3690290000001255, 5.4870840000000385], [5.360418000000152, 5.484028000000137], [5.357918000000041, 5.4790270000000305], [5.339859999999987, 5.513472000000036], [5.335972000000027, 5.514028000000053], [5.332916000000125, 5.508750000000134], [5.332916000000125, 5.51375000000013], [5.329306000000031, 5.515694000000053], [5.327639000000147, 5.515138000000036], [5.357084000000157, 5.47736100000003], [5.398473000000024, 5.470973000000129], [5.414306000000181, 5.419305000000065]]], [[[5.397917000000064, 5.484306000000004], [5.396251000000063, 5.482084000000043], [5.395694000000162, 5.484584000000098], [5.397917000000064, 5.484306000000004]]], [[[5.503473000000156, 5.360417000000041], [5.498749999999973, 5.356804000000068], [5.495972000000165, 5.357638000000122], [5.503473000000156, 5.360417000000041]]], [[[5.482361000000026, 5.3779160000000275], [5.512083000000075, 5.362917000000152], [5.4618050000000835, 5.364861000000019], [5.482361000000026, 5.3779160000000275]]], [[[5.534027000000094, 5.3890270000000555], [5.537083000000166, 5.3726400000001036], [5.528750000000116, 5.364027000000135], [5.495140000000106, 5.3798600000001215], [5.5109710000000405, 5.380694000000176], [5.529307000000188, 5.385417000000189], [5.534027000000094, 5.3890270000000555]]], [[[5.561527000000126, 5.386805000000095], [5.572916001000181, 5.384582000000023], [5.574584000000073, 5.377638000000104], [5.561527000000126, 5.386805000000095]]], [[[5.508751000000075, 5.387639000000149], [5.513195000000053, 5.3826380000000995], [5.504029000000173, 5.384582000000023], [5.508751000000075, 5.387639000000149]]], [[[5.500415999999973, 5.389583000000073], [5.5290279999999825, 5.395417000000123], [5.534305000000188, 5.391251000000068], [5.500415999999973, 5.389583000000073]]], [[[5.509583000000134, 5.397918000000118], [5.50763900000004, 5.396527000000162], [5.507361000000174, 5.397640000000024], [5.509583000000134, 5.397918000000118]]], [[[5.515139000000147, 5.399306000000024], [5.527360000000044, 5.396805000000029], [5.515696000000048, 5.395693000000051], [5.515139000000147, 5.399306000000024]]], [[[5.540695000000085, 5.50514000000004], [5.554584000000148, 5.490416000000039], [5.549306000000058, 5.4801400000001195], [5.553472000000113, 5.472361000000035], [5.567083000000082, 5.470695000000035], [5.592361000000153, 5.490694000000076], [5.602084000000104, 5.47736100000003], [5.6120820000001, 5.48180600000012], [5.621527000000128, 5.494305000000111], [5.645417000000066, 5.486528000000021], [5.648749000000066, 5.455138000000034], [5.664860000000147, 5.449305000000038], [5.630694000000119, 5.399584000000118], [5.599583999999993, 5.384029000000055], [5.5993060000001265, 5.394027000000051], [5.580972000000145, 5.418749000000105], [5.588751000000059, 5.425140000000056], [5.609028000000023, 5.421249000000159], [5.615695000000073, 5.422639000000061], [5.620417000000145, 5.425692999999967], [5.619583000000091, 5.42708400000015], [5.586807000000135, 5.425971000000061], [5.58013800000009, 5.4204170000001], [5.5818060000000855, 5.414305000000127], [5.598196000000087, 5.393195000000162], [5.589861000000042, 5.38152800000006], [5.5265280000000985, 5.404860000000042], [5.522638000000143, 5.4126390000001265], [5.539861000000144, 5.412360000000092], [5.545140000000117, 5.426528000000133], [5.554582000000153, 5.424583000000155], [5.555972000000054, 5.4309720000001676], [5.559861000000126, 5.428472000000056], [5.565973000000099, 5.432362000000069], [5.564861000000121, 5.427916000000096], [5.573472000000095, 5.423471000000177], [5.576528000000167, 5.424583000000155], [5.5665270000001215, 5.433194000000128], [5.55402800000013, 5.432362000000069], [5.5593070000001035, 5.434860000000128], [5.558195000000126, 5.439029000000119], [5.562917000000027, 5.438751000000025], [5.560417000000086, 5.444027000000119], [5.5529160000001525, 5.435138000000052], [5.553750000000036, 5.42708400000015], [5.54486200000008, 5.428472000000056], [5.536805000000072, 5.414582999999993], [5.513195000000053, 5.430140000000051], [5.517640000000142, 5.500417000000084], [5.540695000000085, 5.50514000000004]]], [[[5.5393050000001836, 5.535972000000072], [5.565417000000082, 5.51708200000013], [5.520140000000026, 5.52291700000012], [5.530416000000116, 5.517638000000147], [5.506805000000156, 5.495139000000165], [5.472916000000168, 5.4045840000001135], [5.4195840000001, 5.424026999999967], [5.433749000000034, 5.446527000000003], [5.460695000000101, 5.441251000000136], [5.463471000000084, 5.458471999999972], [5.470138000000134, 5.465695000000039], [5.469584000000168, 5.468751000000168], [5.462083000000177, 5.459584000000177], [5.45819500000016, 5.442917000000136], [5.432083000000034, 5.462084000000061], [5.443194000000119, 5.464304000000084], [5.443750000000136, 5.477639000000124], [5.455139000000088, 5.477639000000124], [5.45986100000016, 5.481528000000026], [5.471806000000129, 5.504305000000045], [5.471250000000168, 5.5090280000000575], [5.466806000000133, 5.512084000000129], [5.47430600000007, 5.51375000000013], [5.471806000000129, 5.525695000000098], [5.493472000000111, 5.5409720000000675], [5.496528000000183, 5.569305999999983], [5.515971000000036, 5.570694000000117], [5.5081950000000575, 5.5893060000001356], [5.5554160000000365, 5.604027000000087], [5.577916000000073, 5.579861000000051], [5.584307000000024, 5.605139000000122], [5.593195000000037, 5.604583000000105], [5.594861000000037, 5.59180600000002], [5.602084000000104, 5.590694000000042], [5.611529000000189, 5.624306000000047], [5.6229170000000295, 5.611805000000061], [5.63486000000006, 5.6095830000001], [5.630138000000159, 5.600695000000087], [5.636250000000132, 5.574029000000166], [5.644305000000088, 5.566250000000082], [5.659028000000035, 5.565694000000121], [5.6493050000000835, 5.532918000000166], [5.615973000000167, 5.550417000000152], [5.579584000000068, 5.518472000000031], [5.582638000000145, 5.526527000000044], [5.579860000000167, 5.5304170000001704], [5.573472000000095, 5.533471000000077], [5.57847200000009, 5.541806000000179], [5.57847200000009, 5.544582000000162], [5.5729160000000775, 5.532918000000166], [5.581250000000068, 5.526527000000044], [5.570693000000176, 5.520973000000026], [5.550138000000118, 5.543194000000085], [5.545972000000063, 5.542916000000162], [5.539861000000144, 5.536528000000089], [5.545140000000117, 5.55819600000018], [5.53625100000005, 5.553473000000054], [5.5393050000001836, 5.535972000000072]]], [[[5.590417000000059, 5.522083000000009], [5.583751000000063, 5.51541600000013], [5.580972000000145, 5.51541600000013], [5.590417000000059, 5.522083000000009]]], [[[5.489583000000039, 5.6029170000001045], [5.5045820000000845, 5.573473000000149], [5.496806000000106, 5.571528000000171], [5.492362000000071, 5.564584000000082], [5.4918060000001105, 5.542084000000045], [5.477917000000048, 5.534584000000166], [5.466528000000039, 5.547917000000041], [5.4618050000000835, 5.54736100000008], [5.460139000000083, 5.545416000000046], [5.479583000000048, 5.532083000000171], [5.470138000000134, 5.528194999999982], [5.465972000000079, 5.514306000000147], [5.466528000000039, 5.509862000000112], [5.470138000000134, 5.505971000000045], [5.442362000000003, 5.47847100000007], [5.4406940000000645, 5.464582000000178], [5.4220820000001595, 5.477918000000102], [5.439862000000119, 5.492360000000076], [5.437084000000141, 5.5065280000001735], [5.442360000000065, 5.502917000000139], [5.443194000000119, 5.499305000000106], [5.444306000000097, 5.499027000000183], [5.441528000000119, 5.50514000000004], [5.435139000000163, 5.509584000000075], [5.436527000000069, 5.519582000000014], [5.43124900000015, 5.524861000000044], [5.439028000000064, 5.525973000000022], [5.4462500000000205, 5.54041600000005], [5.448750000000132, 5.54041600000005], [5.45069500000011, 5.53875000000005], [5.457917000000066, 5.536528000000089], [5.459304999999972, 5.536806000000183], [5.445972000000097, 5.541528000000085], [5.436249000000146, 5.525973000000022], [5.437640000000101, 5.540138000000184], [5.432917000000145, 5.544860000000085], [5.436249000000146, 5.533750000000111], [5.42958300000015, 5.527917000000116], [5.43124900000015, 5.507640000000151], [5.438472000000047, 5.494582999999977], [5.420416000000159, 5.4826400000000035], [5.429027000000133, 5.450139000000092], [5.415694000000087, 5.440417000000025], [5.399583000000064, 5.475971000000129], [5.418194000000028, 5.492916999999977], [5.416528000000028, 5.52291700000012], [5.4006950000000415, 5.515694000000053], [5.40513900000019, 5.528473000000076], [5.401805000000024, 5.549583000000041], [5.424029000000132, 5.583195000000046], [5.44958500000007, 5.578751000000068], [5.46319300000016, 5.584305000000086], [5.466250000000173, 5.591250000000059], [5.479583000000048, 5.584305000000086], [5.4909710000001155, 5.584305000000086], [5.489583000000039, 5.6029170000001045]]], [[[5.409862000000032, 5.508750000000134], [5.415972000000181, 5.493195000000071], [5.39930500000014, 5.479306000000008], [5.394028000000162, 5.503471000000161], [5.409862000000032, 5.508750000000134]]], [[[5.365138000000059, 5.537916000000166], [5.38069500000006, 5.529027000000099], [5.401805000000024, 5.527083000000175], [5.391250000000127, 5.503749000000084], [5.394028000000162, 5.475417000000107], [5.37486100000018, 5.475417000000107], [5.374304999999993, 5.484860000000026], [5.36652800000013, 5.497639000000106], [5.360140000000058, 5.500695000000178], [5.365138000000059, 5.537916000000166]]], [[[5.402361000000042, 5.636805000000038], [5.4754160000000525, 5.62708200000003], [5.485973000000115, 5.600973000000181], [5.453473000000088, 5.5893060000001356], [5.44902900000011, 5.579861000000051], [5.423195000000078, 5.585418000000118], [5.399029000000041, 5.552917000000036], [5.398473000000024, 5.535416000000112], [5.38069500000006, 5.54569400000014], [5.394582000000128, 5.5545830000000365], [5.393750000000068, 5.565694000000121], [5.379304999999988, 5.548195000000135], [5.381527000000176, 5.540138000000184], [5.388750000000073, 5.54041600000005], [5.38930600000009, 5.533750000000111], [5.379861000000176, 5.533192999999983], [5.357640000000117, 5.561806000000104], [5.39763900000014, 5.596528000000092], [5.402361000000042, 5.636805000000038]]], [[[5.232083999000167, 5.691248999000152], [5.245695000000069, 5.706529000000103], [5.244305000000168, 5.7101390000000265], [5.23875100000015, 5.709029000000044], [5.2320840000001, 5.692082999999968], [5.225694000000033, 5.7037500000000705], [5.216805000000136, 5.711251000000004], [5.205972000000145, 5.7176390000000765], [5.177360000000135, 5.727084000000161], [5.180138000000113, 5.7412510000001475], [5.172916000000157, 5.757360000000176], [5.175972000000058, 5.762361000000112], [5.175972000000058, 5.767639000000145], [5.172916000000157, 5.772917000000064], [5.185973000000104, 5.7684730000000854], [5.193193000000065, 5.773471000000086], [5.173194000000024, 5.7748620000000415], [5.171806000000117, 5.771527000000162], [5.175138000000118, 5.764583000000073], [5.171528000000023, 5.757084000000077], [5.174584000000095, 5.752362000000176], [5.1579170000000545, 5.752638000000104], [5.160417000000166, 5.768751000000179], [5.145138000000031, 5.812916000000087], [5.232916000000159, 5.869307000000106], [5.2490280000001235, 5.830693999999994], [5.223750000000109, 5.817639000000042], [5.21763900000019, 5.804862000000185], [5.232916000000159, 5.780694000000153], [5.254306000000042, 5.775418000000059], [5.232638000000065, 5.782360000000153], [5.244027000000074, 5.80041800000015], [5.245971000000168, 5.814860000000124], [5.2381950000001325, 5.793473000000176], [5.219583000000114, 5.808472000000052], [5.249862000000007, 5.82736100000011], [5.247361000000069, 5.8648600000000215], [5.26375100000007, 5.890694000000053], [5.292917000000102, 5.904861000000039], [5.290417000000048, 5.891528000000164], [5.294583000000102, 5.881527000000062], [5.3126380000000495, 5.880139000000156], [5.307362000000182, 5.857362000000137], [5.33375000000018, 5.845417000000168], [5.332638000000031, 5.823749000000021], [5.321527000000117, 5.819029000000114], [5.3226390000001516, 5.812916000000087], [5.329584000000125, 5.809028000000069], [5.3498610000000895, 5.8115280000001235], [5.35319300000009, 5.807362000000069], [5.330972000000031, 5.789307000000122], [5.3390280000000985, 5.742639000000054], [5.3226390000001516, 5.7312500000000455], [5.31847300000004, 5.713473000000022], [5.305972000000111, 5.706250000000125], [5.303750000000093, 5.699028000000169], [5.2993050000001745, 5.698472000000152], [5.2993050000001745, 5.707360000000108], [5.294583000000102, 5.7101390000000265], [5.298473000000115, 5.707360000000108], [5.297917000000098, 5.6993060000000355], [5.299861000000021, 5.697362000000169], [5.304583999999977, 5.699028000000169], [5.306806000000165, 5.705972000000031], [5.318195000000117, 5.711805000000027], [5.321251000000018, 5.70458200000013], [5.290695000000142, 5.618750000000091], [5.2426390000001675, 5.62541600000003], [5.194584000000077, 5.604861000000028], [5.175138000000118, 5.618194000000074], [5.194027000000176, 5.603195000000028], [5.169584000000157, 5.598194000000092], [5.121806000000049, 5.649862000000155], [5.07791700000007, 5.743749000000037], [5.094584000000111, 5.8004179990001035], [5.123750000000143, 5.807640000000163], [5.142361999999991, 5.7973610000000235], [5.1570829990000675, 5.748750000000143], [5.177084001000139, 5.7476400000001036], [5.174860000000024, 5.730972001000055], [5.178750000000036, 5.723194001000081], [5.232083999000167, 5.691248999000152]]], [[[5.461249000000066, 5.744027000000131], [5.48430500000012, 5.704306000000031], [5.523194000000103, 5.699862000000053], [5.512361000000112, 5.678750000000093], [5.509583000000134, 5.655973000000074], [5.4684720000001334, 5.665417000000048], [5.476529000000141, 5.681529000000182], [5.456805000000088, 5.687082999999973], [5.432361000000128, 5.652637999999968], [5.4065270000000965, 5.654303999999968], [5.380970999999988, 5.6029170000001045], [5.3234710000000405, 5.609027000000083], [5.307640000000049, 5.643193999999994], [5.329862000000048, 5.711251000000004], [5.359028000000023, 5.692361000000062], [5.405971000000136, 5.700694000000169], [5.461249000000066, 5.744027000000131]]], [[[5.525972000000081, 5.619306000000051], [5.540417000000161, 5.6029170000001045], [5.508751000000075, 5.592362000000037], [5.485695000000021, 5.6184720000001676], [5.525972000000081, 5.619306000000051]]], [[[5.627640000000042, 5.6240280000001235], [5.641251000000182, 5.625972000000047], [5.6284720000001585, 5.61291800000015], [5.627640000000042, 5.6240280000001235]]]]}}, {"type": "Feature", "properties": {"state": "Ebonyi", "lon": 8.028, "lat": 6.191}, "geometry": {"type": "Polygon", "coordinates": [[[7.959890841999993, 5.969919204000064], [7.977029800000025, 5.901572229000124], [7.915957928000125, 5.82232904500006], [7.921729089000053, 5.779322148000119], [7.88397693700017, 5.728980064000041], [7.877814769000111, 5.690326215000027], [7.804367065000122, 5.731490136000048], [7.769443988000091, 5.813753129000133], [7.54179191500009, 5.827785016000007], [7.526593208000122, 5.844422818000169], [7.533589841000037, 5.973034860000098], [7.592243194000105, 5.9892640110001025], [7.682682037000063, 5.91860914200015], [7.694008828000108, 5.948602200000039], [7.67782306700019, 6.031826973000136], [7.733891964000122, 6.1039190300001565], [7.707922935000056, 6.252518177000127], [7.6904420860000755, 6.269865037000102], [7.735035896000113, 6.388465882000162], [7.735175132000052, 6.482473850000133], [7.694708824000145, 6.633390904000123], [7.827731132000167, 6.630267143000026], [7.835517884000126, 6.590777874000025], [7.929027081000129, 6.51928186400005], [7.951807023000015, 6.528812886000139], [7.967811108000035, 6.561993123000036], [7.987957955000127, 6.69499397300001], [8.091430664000086, 6.697382927000149], [8.122377396000047, 6.712310792000096], [8.151064873000166, 6.7588849070001515], [8.206108092000136, 6.764867782000181], [8.222640992000095, 6.802190781000036], [8.250931739999999, 6.781175136000115], [8.299964905000081, 6.629000188000134], [8.375679970000022, 6.556423187000121], [8.44406795500015, 6.416147232000071], [8.430695534000108, 6.388689995000163], [8.395274161999964, 6.38260221500002], [8.368533134000074, 6.356298924000157], [8.39847373900011, 6.26581478200012], [8.286623000000134, 6.130224228000088], [8.247558594000168, 6.012540818000161], [8.212331771000038, 6.032982827000183], [8.182010650000109, 6.028193950000173], [8.177514077000126, 6.007046224000135], [8.107143402000077, 5.96694898700008], [8.08536243399999, 5.933406830000081], [8.041974068000059, 6.006124973000169], [7.968060970000124, 5.989851953000027], [7.959890841999993, 5.969919204000064]]]}}, {"type": "Feature", "properties": {"state": "Edo", "lon": 5.856, "lat": 6.65}, "geometry": {"type": "Polygon", "coordinates": [[[5.7988138200001345, 5.965693951000162], [5.645712852000031, 6.049969196999996], [5.563039780000054, 6.020002843000043], [5.53309900000005, 5.981527000000028], [5.445601000000124, 6.024775999999974], [5.330324173000179, 6.020508767000138], [5.325137139000162, 5.956462861000034], [5.2589578630000915, 5.904301167000142], [5.2321600910000825, 5.903143004000185], [5.220768929000087, 5.984312058000057], [5.2297510330000705, 6.054752889000042], [5.115180969000164, 6.126963138000065], [5.121549129000016, 6.145647049000104], [5.101587772000187, 6.182207107000124], [5.055016042000091, 6.200535774999992], [5.028306960000123, 6.248051167000028], [4.978578090000099, 6.285582066000188], [5.006527900000037, 6.358006002000025], [5.063478946000089, 6.3819499020001444], [5.077148914000134, 6.442392826000059], [5.118738175000146, 6.501664161000122], [5.115178108000009, 6.552939892000154], [5.07276105800014, 6.600034238000148], [5.084261895000054, 6.697656155000061], [5.12768220900017, 6.755974770000137], [5.155593872000054, 6.768878938000057], [5.192629815000146, 6.8607578280000325], [5.228217125000128, 6.876992226000027], [5.5134639740001035, 6.869823933000134], [5.541550160000099, 6.836124896000115], [5.509103775000028, 6.799766065000142], [5.543005944000129, 6.711523057000022], [5.615869998000164, 6.763111115000072], [5.669848920000106, 6.73150777900014], [5.713059902000111, 6.748073100000056], [5.752861977000066, 6.882815839000045], [5.776113986999974, 6.8787288670000635], [5.790524960000141, 6.9133172030000765], [5.768905162000124, 6.947136878000094], [5.778882979000116, 7.02194500100012], [5.823371887000178, 7.060636043999978], [5.881639957000118, 7.238205910000147], [5.9447269430000915, 7.284652234000134], [5.967810155000109, 7.341703892000112], [5.948441982000077, 7.386329174000082], [5.962582112000177, 7.432920934000094], [5.930009841000128, 7.446163177000187], [5.9264321330000485, 7.481984138000087], [5.949274063000132, 7.50973987600014], [5.988873959000159, 7.5171380049999925], [6.028376103000085, 7.573422908000055], [6.069130897000093, 7.569063186000108], [6.086237907000111, 7.527475835000075], [6.125897885000143, 7.524261952000131], [6.106586933000187, 7.457688809999979], [6.1285071369999855, 7.42824697500015], [6.16300010599997, 7.419583797000087], [6.258882999000093, 7.466857910000158], [6.355547904000048, 7.3763899800001695], [6.445271016000163, 7.385241985000107], [6.503843785000186, 7.251823903000059], [6.6250758160001055, 7.281824112000095], [6.6857509620001, 7.207426072000146], [6.700966835000031, 7.119962216000033], [6.669662953000056, 7.025447845000031], [6.670659065000052, 6.958298206000052], [6.604990005000104, 6.823072910000008], [6.625670909000064, 6.788344860000052], [6.610617161000107, 6.699322223000024], [6.654550074999975, 6.603063107000025], [6.6655039780001175, 6.52277994100001], [6.635179997000137, 6.4898900990000925], [6.508780957000113, 6.483047962000171], [6.376543045000176, 6.400404931000082], [6.257757186000106, 6.35029077500019], [6.192625999000143, 6.2771167760001845], [6.124254226000119, 6.346798897000099], [6.097321986000168, 6.351872922000098], [6.068513871000164, 6.326293946000021], [6.051671029000147, 6.255293846000029], [6.0817389480001225, 6.230097771000089], [6.090414047000138, 6.1522021300000915], [6.154881001000092, 6.055133820000037], [6.221244813000169, 6.018474102000084], [6.225870132000182, 5.990249157000051], [6.21463823300013, 5.937839986000029], [6.189665793000188, 5.90689182300008], [6.031775952000089, 5.765396118000012], [5.917990208000106, 5.738957881000033], [5.883504867000056, 5.7480840690001855], [5.894824982000102, 5.777188778000038], [5.868925094000133, 5.80323886900004], [5.901835918000188, 5.8684268000001225], [5.894203186000141, 5.881937981000078], [5.8310909279999805, 5.919926166000039], [5.7988138200001345, 5.965693951000162]]]}}, {"type": "Feature", "properties": {"state": "Ekiti", "lon": 5.286, "lat": 7.655}, "geometry": {"type": "Polygon", "coordinates": [[[5.631678104000002, 7.630042076000166], [5.558277129000089, 7.401747225999998], [5.509103775000028, 7.330376149000131], [5.419771194000134, 7.273993015000087], [5.382987975000162, 7.283477784000127], [5.351255893000086, 7.392125130000068], [5.3282799720000185, 7.427814007000052], [5.30328512300008, 7.436298847000046], [5.065019131000042, 7.438300133999974], [4.991487027000176, 7.414905072000124], [4.918509960000108, 7.602056027000117], [4.907282829000167, 7.679069996000067], [4.926557065000111, 7.74333715500012], [4.915411950000134, 7.811122894000164], [4.946063996000021, 7.879580022000084], [5.039707184000122, 7.945345879000115], [5.064135073999978, 8.030609131000062], [5.097360134000155, 7.99857997800018], [5.169717789000117, 8.018800736000117], [5.224142074000042, 7.971734046999984], [5.298842907000051, 7.9653840070000115], [5.351260186000047, 7.965874195000083], [5.376573085000189, 8.046651841000141], [5.4429478650001215, 8.068127632000085], [5.53600692800012, 8.069624902000157], [5.5183620460001634, 8.06291961800008], [5.526828766000108, 7.98664379100012], [5.579207897000117, 8.013435364000088], [5.66351080000004, 8.015459061000115], [5.674200059000157, 7.991052150000087], [5.609388829000125, 7.923409938000134], [5.620910167000034, 7.85031318800003], [5.701282978000052, 7.794726848000153], [5.811425209000106, 7.756145954999965], [5.773613930000181, 7.712750912000104], [5.7494640350001305, 7.732770920000121], [5.719349862000058, 7.726594925000086], [5.705655098000136, 7.6933760640001765], [5.631678104000002, 7.630042076000166]]]}}, {"type": "Feature", "properties": {"state": "Enugu", "lon": 7.376, "lat": 6.5}, "geometry": {"type": "Polygon", "coordinates": [[[7.495221137999977, 6.018214226999987], [7.373388767000108, 6.008293152000078], [7.3328690530000245, 6.044050218000109], [7.28854608600011, 6.030039788000124], [7.249892235000118, 6.052618027000165], [7.20442819699997, 6.15420818400014], [7.210066796000149, 6.188945770000032], [7.188529014000153, 6.199234009000122], [7.179042817000152, 6.240921975000049], [7.132202146999987, 6.228341103000048], [7.128496171000165, 6.284924985000089], [7.146598817000154, 6.305148125000187], [7.109982967999997, 6.382595062000064], [7.080851078000137, 6.42300176700013], [7.012259959000119, 6.450472832000173], [7.025342942000179, 6.517381192000187], [7.094674111000188, 6.59325409000013], [7.114964962000101, 6.648969174000172], [7.0913529400000925, 6.673826217999988], [6.976321220000045, 6.713390827000012], [6.9144120220001355, 6.71121692600002], [6.905935764000105, 6.776175022000132], [6.95000600700007, 6.857104779000053], [7.000989914000115, 6.782870771000034], [7.032156944000121, 6.78280210500003], [7.112516880000044, 6.869790077000175], [7.209105016000137, 6.932048798000153], [7.308926106000058, 7.051925183000037], [7.382895947000179, 7.100495815000102], [7.436426163000078, 7.112734795000051], [7.49484682100001, 7.0788168910001446], [7.535796165000136, 6.960853101000168], [7.640410899000187, 6.862175942000135], [7.687574864000169, 6.837611198000161], [7.75711584000004, 6.883488178000164], [7.827141762000053, 6.859223843000052], [7.850137234000044, 6.824687958000084], [7.864606857000069, 6.73400783600016], [7.827731132000167, 6.630267143000026], [7.694708824000145, 6.633390904000123], [7.735175132000052, 6.482473850000133], [7.735035896000113, 6.388465882000162], [7.6904420860000755, 6.269865037000102], [7.707922935000056, 6.252518177000127], [7.733891964000122, 6.1039190300001565], [7.67782306700019, 6.031826973000136], [7.694008828000108, 5.948602200000039], [7.682682037000063, 5.91860914200015], [7.592243194000105, 5.9892640110001025], [7.533589841000037, 5.973034860000098], [7.528351783000062, 5.996655942000189], [7.495221137999977, 6.018214226999987]]]}}, {"type": "Feature", "properties": {"state": "Federal Capital Territory", "lon": 7.14, "lat": 8.802}, "geometry": {"type": "Polygon", "coordinates": [[[6.964859008000076, 8.410383224999975], [6.782475949000002, 8.410952569000017], [6.7509641650000844, 8.489928244999987], [6.752073765000034, 9.216736794999974], [6.979012012000112, 9.235713004000047], [7.155960083000025, 9.095617294000078], [7.308836937000024, 9.297361373000115], [7.4096598630000585, 9.307551383000032], [7.485976220000168, 9.288860322000119], [7.533413888000098, 9.351228715000104], [7.5678520210000215, 9.352939605000074], [7.591602802000068, 9.303023338000116], [7.625835896000126, 9.310740470000042], [7.628498078000121, 9.291123391000042], [7.617895126000178, 9.261681556000042], [7.592772007000065, 9.250815392000163], [7.558621884000047, 9.14605903600011], [7.556766032000155, 8.908294679000107], [7.500244141000053, 8.695860862000018], [7.453132153000183, 8.608996392000165], [7.392138005000106, 8.534829139000067], [7.2796831130001465, 8.476303101000099], [7.157886028000121, 8.439849853000055], [6.964859008000076, 8.410383224999975]]]}}, {"type": "Feature", "properties": {"state": "Gombe", "lon": 11.248, "lat": 10.422}, "geometry": {"type": "Polygon", "coordinates": [[[11.080219268000008, 9.604220390000023], [11.011198043999968, 9.72292232500007], [10.98140716600011, 9.882881165000015], [10.79334926600012, 10.018907547000083], [10.723962784000094, 10.08912181900007], [10.718707085000176, 10.114992142000176], [10.739838601000145, 10.145627975000025], [10.834883690000026, 10.170340538000119], [10.848366737000106, 10.198542594000116], [10.849691391000135, 10.382350922000057], [10.81606483500019, 10.461320878000038], [10.699798584000007, 10.503188134000084], [10.685479164000071, 10.52157211299999], [10.671440124000014, 10.635961534000103], [10.653054237000106, 10.663151740999979], [10.533835410000108, 10.711043357000051], [10.595408440000085, 10.814043999000091], [10.653293610000105, 11.01151466400006], [10.675447464000115, 11.043837547000066], [10.698720932000015, 11.065548897000042], [10.786007882000035, 11.091795921000141], [10.859970093000072, 11.178706169000066], [10.957612991000019, 11.231048584000064], [11.028890610000133, 11.308882714000106], [11.131582260000073, 11.333142281000164], [11.209673882000061, 11.314090728000053], [11.340750694000064, 11.227109909000035], [11.514047622000135, 11.03445720700006], [11.497941017000187, 11.009967804000155], [11.523401261000174, 11.026108741000087], [11.582837105000067, 10.972221375000117], [11.593720436000012, 10.894534110000052], [11.574290275000067, 10.70523071200006], [11.586809159000097, 10.602213860000063], [11.701054573000079, 10.594244004000018], [11.722916601999998, 10.541389465000123], [11.71284103500011, 10.493185043000153], [11.629269598999997, 10.372333528000013], [11.642329216000121, 10.326951981000093], [11.711091041000088, 10.241737366000052], [11.802554131000136, 10.204339028000106], [11.853075981000188, 10.105582238000181], [11.945551872000124, 10.044760703000122], [11.942939758000023, 9.821557999000106], [11.92515754700014, 9.784257889000116], [11.83232879700006, 9.720141411000043], [11.680434227000148, 9.629461289999995], [11.567275047000123, 9.59564304300011], [11.100138664000042, 9.576469422000002], [11.068668365000065, 9.586444854000092], [11.080219268000008, 9.604220390000023]]]}}, {"type": "Feature", "properties": {"state": "Imo", "lon": 7.025, "lat": 5.584}, "geometry": {"type": "Polygon", "coordinates": [[[7.035666943000024, 5.179841042000078], [6.816695213000173, 5.202260972000033], [6.781798840000022, 5.228923798999972], [6.720125198000062, 5.327328205000072], [6.737697124000022, 5.372017862000121], [6.738873006000176, 5.473734856000021], [6.624269008000169, 5.48261022600002], [6.668756008000059, 5.6943368910000345], [6.702470780000056, 5.707822800000031], [6.777094842000054, 5.782683850000126], [6.850016117000109, 5.751679897000145], [6.8932580950000215, 5.756018163000078], [6.946639062000145, 5.887990952000052], [6.975306035000131, 5.904804230000138], [7.07719516700007, 5.923600196000109], [7.164142131000062, 5.903431893000175], [7.2483239180000965, 5.926681995000081], [7.282513141000152, 5.899106026000084], [7.368855954000139, 5.870182037999996], [7.393294812000022, 5.825008869000101], [7.399396895000166, 5.687871933000167], [7.379574776000084, 5.675518989000182], [7.403871060000085, 5.63588714600013], [7.4042811390001475, 5.532295227000077], [7.301548958000183, 5.360789776000161], [7.251496792000069, 5.194744110000158], [7.209970951000116, 5.179405213000166], [7.102668763000111, 5.197154997999974], [7.035666943000024, 5.179841042000078]]]}}, {"type": "Feature", "properties": {"state": "Jigawa", "lon": 9.595, "lat": 11.952}, "geometry": {"type": "Polygon", "coordinates": [[[10.376428604000125, 11.128541946000041], [10.217251778000048, 11.056489944000077], [10.192521096000178, 11.026083947000188], [10.209816932000024, 10.942545890000133], [10.179776192000077, 10.933441163000055], [10.084701539000093, 10.96781063100019], [9.99433612700011, 10.94556617700016], [9.902160645000038, 10.96457672200006], [9.86741256700003, 11.018985749000137], [9.880743980000034, 11.14426422200006], [9.82895279000013, 11.256613732000062], [9.57790374800004, 11.242684364000013], [9.549034118000009, 11.301124573000095], [9.511908531000188, 11.312840462000167], [9.457791328000098, 11.289497376000043], [9.337762833000056, 11.327973366000151], [9.224687577000054, 11.34247970600012], [9.240965843000083, 11.437438011000097], [9.355868339000097, 11.547020913000097], [9.262013436000132, 11.615871429000038], [9.212409974000025, 11.707202911000081], [9.130711556000165, 11.704882622000184], [9.135535240000138, 11.769334793000098], [9.189791679000052, 11.843978883000148], [9.210099221000064, 11.905941963999965], [9.170082093000133, 12.059247970000172], [9.08880424500012, 12.000413896000111], [9.05939578900012, 11.997504235000179], [9.037244796000095, 12.001476288000106], [9.02787113200003, 12.065278052999986], [8.946351052000068, 12.042288780999968], [8.946449279000092, 12.05864620200009], [8.919800758000065, 12.070213319000175], [8.947382927999968, 12.119597436000163], [8.935700418000067, 12.255495071000098], [8.789731025000037, 12.292721748000133], [8.773286820000067, 12.31486034300002], [8.782384873000069, 12.346872330999986], [8.764752387000101, 12.395636558000035], [8.684810639000148, 12.451260567000134], [8.67758846300012, 12.545215607000102], [8.551966667000102, 12.577231408000102], [8.49111557000009, 12.571675300000152], [8.39857196800017, 12.519605637000154], [8.358468055999992, 12.421078683000076], [8.262802124000018, 12.611235619000183], [8.15841674800015, 12.627203942000051], [8.113876343000186, 12.65050601900009], [8.124576569000169, 12.808075905000123], [8.280282974999977, 12.833754541000076], [8.386520386000086, 12.81896591300017], [8.535533904000033, 12.83129978300019], [8.593815803000098, 12.718694686999982], [8.663184166000178, 12.687945366000122], [8.70549392800001, 12.712013246000083], [8.715926170000046, 12.687253953000038], [8.757314681000025, 12.677421569999979], [8.866892814000096, 12.712512017000051], [8.918413163000139, 12.753296853000052], [8.944522858000141, 12.806885719000036], [8.997537613000134, 12.8407335280001], [9.305597306000095, 12.811153412000067], [9.39026546600013, 12.823088646000144], [9.650238991000094, 12.80360698800007], [9.675053596000055, 12.82325744600007], [9.704039574000092, 12.804628373000128], [9.800957680000124, 12.792928695000057], [9.851731300000097, 12.82152652800005], [9.885578156000179, 12.884728432000145], [10.170383454000103, 12.988623620000169], [10.206043243000181, 12.96877575000019], [10.275282860000061, 12.784006119000026], [10.388019562000125, 12.824891090000051], [10.468501091000064, 12.78960132700007], [10.501429557000165, 12.79938984000006], [10.53124427900002, 12.785309791000088], [10.566946029000121, 12.73141670300015], [10.60948562499999, 12.502503396000066], [10.430776596000044, 12.39248943300015], [10.39945507100009, 12.453599930000166], [10.269933701000014, 12.414007187000095], [10.161534309000047, 12.086873055000126], [10.171165466000161, 12.021190644000058], [9.874686241000006, 11.90700435600013], [9.78626537200006, 11.85855197900014], [9.68675136600018, 11.85123634300004], [9.634647370000096, 11.77908897499998], [9.624860764000061, 11.73284626000003], [9.626893997000138, 11.711223602000132], [9.64861583700008, 11.701192856999967], [9.769396782000058, 11.722537040000077], [9.798718453000049, 11.714565277000133], [9.83071041200003, 11.575481414000137], [9.790122986000029, 11.495731354000043], [9.798936844000082, 11.468059540000183], [9.818036079000024, 11.450355531000014], [9.880104064000022, 11.465313912], [9.904718400000036, 11.384495735000087], [9.990226745000086, 11.266242981000175], [10.038615227000037, 11.23680973100005], [10.377492904000064, 11.195329666000191], [10.394271850000166, 11.172055245000081], [10.376428604000125, 11.128541946000041]]]}}, {"type": "Feature", "properties": {"state": "Kaduna", "lon": 7.91, "lat": 10.262}, "geometry": {"type": "Polygon", "coordinates": [[[8.609054566000168, 9.414118767000161], [8.678974153000013, 9.339074135000033], [8.686962127000129, 9.268091202000107], [8.546181678000096, 9.01888465899998], [8.506814956000028, 9.000706672000092], [8.466996192000181, 9.002805710000189], [8.457268714000008, 9.033329963000085], [8.371091843000102, 9.128135681000117], [8.309397697000065, 9.131971360000136], [8.263727187000086, 9.155632974000184], [8.161332131000052, 9.033067703000029], [8.123456954000176, 9.007432936999976], [8.093886376000057, 9.007293701000037], [8.076737405000017, 9.040513992000001], [8.077491759999987, 9.196186067000099], [8.060847283000157, 9.22203636100005], [7.992774010000119, 9.261161803999983], [7.987493038000139, 9.313361168000142], [7.932098865000057, 9.36044311600017], [7.906109810000089, 9.356833456999993], [7.864253998000095, 9.282054901000038], [7.816051960000152, 9.247255325000026], [7.752920151000069, 9.264054299000122], [7.719930173000023, 9.29013442900009], [7.680681229000072, 9.282604219000007], [7.651667119000024, 9.32761669100006], [7.606862069000044, 9.298084259000063], [7.591602802000068, 9.303023338000116], [7.550550938000185, 9.359939575000169], [7.485976220000168, 9.288860322000119], [7.394612789000064, 9.308102609000173], [7.251194001000158, 9.294542313000136], [7.273574829000097, 9.360843658000078], [7.218708991000142, 9.405433655000081], [7.220263004000003, 9.442659379000133], [7.281586170000139, 9.49219989800008], [7.291293145000111, 9.536898613000005], [7.341151238000066, 9.587725639000098], [7.331851960000165, 9.617921829000124], [7.283333779000031, 9.643844604000094], [7.296801090000088, 9.692272186000082], [7.238335133000078, 9.714141846000018], [7.217270850999967, 9.741010667000126], [7.236299038000084, 9.757922172000065], [7.288456917000076, 9.764504433000184], [7.298593044000029, 9.78880214700007], [7.279440879000163, 9.981493951000118], [7.252052783000181, 10.008431435000148], [7.044116020000047, 10.007080078000172], [6.936477182999965, 10.046933175000106], [6.908747196000036, 10.073579788000131], [6.892136098000151, 10.105225564000136], [6.9817748060000895, 10.197407723000083], [7.0502581599999985, 10.239056588000096], [7.07175016400015, 10.299287796999977], [6.941629886999976, 10.35383415299998], [6.964271068000073, 10.461155892000079], [6.932256223000138, 10.521924973000068], [6.847410202000049, 10.520509721000053], [6.82526397700002, 10.631323814000098], [6.748939990000167, 10.639280319000022], [6.7297911650000515, 10.62014198300011], [6.740683078000188, 10.581934930000159], [6.7303590770001165, 10.56612396300011], [6.66614913900014, 10.575132371000109], [6.542827129000159, 10.529484749000119], [6.509582997000052, 10.588004112000135], [6.462553025000034, 10.585888862000104], [6.389021873000047, 10.552088738000123], [6.298674106000021, 10.480246544000124], [6.188920021000115, 10.353939056000058], [6.1658492090001005, 10.36339282900002], [6.146090984000182, 10.419741632000068], [6.096834183000055, 10.451768875000141], [6.098696233000112, 10.510659217000182], [6.128431796000086, 10.539376258000118], [6.136531831000127, 10.632273673999975], [6.110967160000143, 10.693874360000109], [6.117369175000022, 10.770384788000058], [6.166500008000185, 10.856340100000011], [6.214343999000107, 10.870446000000072], [6.260512828000174, 10.93674373600004], [6.34561499900019, 11.01199400000013], [6.4367789990001825, 11.02705699900008], [6.565055000000143, 11.018040000000155], [6.641130000000089, 11.027859000000092], [6.6787340000001905, 11.052038001000028], [6.727939999000171, 11.101512000000184], [6.790152073999991, 11.264024734000031], [6.8861851690001, 11.348394395000184], [7.005044936000047, 11.33673000400006], [7.027009009999972, 11.322417260000122], [7.036004067000022, 11.277489663000097], [6.983044148000147, 11.213663102000112], [7.085723877000021, 11.182902336000097], [7.154288769000118, 11.114375114000097], [7.182538986000111, 11.110753060000036], [7.248411178000026, 11.165481567000143], [7.21719789499997, 11.251497270000016], [7.272971153000071, 11.268947602000026], [7.371791839000139, 11.251077653000038], [7.400332927000136, 11.329186440000115], [7.449801922000063, 11.370581627000092], [7.581717969000124, 11.338437080999995], [7.655976773000077, 11.273315430000139], [7.74660682800004, 11.309000015000095], [7.772894860000122, 11.359363557000052], [7.8655190470000775, 11.369567872000175], [8.010654449000128, 11.47588920700008], [8.122895240000048, 11.49257183100002], [8.146304129999976, 11.459669114000178], [8.112645149999992, 11.376099586000066], [8.13767910000007, 11.335716249000143], [8.255123139000148, 11.286963464000166], [8.31194686900011, 11.221194267000158], [8.421059609000167, 11.203436853000142], [8.507972716999973, 11.132824899000127], [8.565952302000085, 11.030316353000103], [8.572100640000087, 10.9684505460001], [8.539498329000025, 10.85099983300006], [8.555665970000064, 10.726843835000182], [8.543969154000024, 10.709172249000119], [8.486679077000133, 10.693846704000123], [8.487415314000032, 10.648104668000144], [8.504676818000064, 10.630937576000122], [8.618086815000083, 10.615406036000024], [8.675842286000147, 10.554770469000061], [8.742300033000106, 10.547463417000188], [8.732653618000143, 10.485830306000082], [8.694664001000035, 10.41870784800011], [8.785023690000003, 10.335703849000026], [8.77562999700001, 10.284675598000035], [8.745455743000093, 10.236791611000001], [8.67939567500008, 10.202754974000129], [8.64500141100018, 10.123222352000084], [8.641402245000108, 10.079820632999997], [8.67559433000008, 9.978322030000129], [8.631487845000095, 9.92910766600005], [8.631557464000082, 9.73874282800017], [8.593961715999967, 9.696711541000127], [8.587553024000158, 9.647358894000092], [8.559027672000013, 9.62687873900012], [8.562369346000139, 9.550986290000083], [8.545495988000027, 9.528392792000147], [8.609054566000168, 9.414118767000161]]]}}, {"type": "Feature", "properties": {"state": "Kano", "lon": 8.523, "lat": 11.56}, "geometry": {"type": "Polygon", "coordinates": [[[8.744515419000095, 10.81280708300011], [8.819338798000103, 10.716958047000048], [8.820596694000074, 10.684963227000082], [8.79910469000015, 10.623385429000052], [8.745594977000053, 10.550274849000061], [8.675842286000147, 10.554770469000061], [8.618086815000083, 10.615406036000024], [8.504676818000064, 10.630937576000122], [8.487415314000032, 10.648104668000144], [8.486679077000133, 10.693846704000123], [8.543969154000024, 10.709172249000119], [8.555665970000064, 10.726843835000182], [8.539498329000025, 10.85099983300006], [8.572100640000087, 10.9684505460001], [8.565952302000085, 11.030316353000103], [8.507972716999973, 11.132824899000127], [8.421059609000167, 11.203436853000142], [8.31194686900011, 11.221194267000158], [8.255123139000148, 11.286963464000166], [8.13767910000007, 11.335716249000143], [8.112645149999992, 11.376099586000066], [8.146304129999976, 11.459669114000178], [8.122895240000048, 11.49257183100002], [8.010654449000128, 11.47588920700008], [7.85061311700008, 11.363146782000172], [7.776265145000025, 11.359209062000161], [7.707687854000028, 11.413276673000041], [7.6875610360000906, 11.495414735000054], [7.713192940000056, 11.573236466000026], [7.842754841000044, 11.642582893000053], [7.901897907000034, 11.652961731999994], [7.851187228000072, 11.777195931000051], [7.862006188000123, 11.841694831000154], [7.828179835000071, 11.914670945000069], [7.84217119300007, 12.015228272000172], [7.8351988790001315, 12.257110597000008], [7.939106941000148, 12.330949783999984], [8.121875762999991, 12.399399757000083], [8.197342872000036, 12.561590195000122], [8.28283500700013, 12.569607735000034], [8.358468055999992, 12.421078683000076], [8.39857196800017, 12.519605637000154], [8.49111557000009, 12.571675300000152], [8.551966667000102, 12.577231408000102], [8.67758846300012, 12.545215607000102], [8.684810639000148, 12.451260567000134], [8.764752387000101, 12.395636558000035], [8.782384873000069, 12.346872330999986], [8.773286820000067, 12.31486034300002], [8.789731025000037, 12.292721748000133], [8.935700418000067, 12.255495071000098], [8.947382927999968, 12.119597436000163], [8.919800758000065, 12.070213319000175], [8.946449279000092, 12.05864620200009], [8.946351052000068, 12.042288780999968], [9.02787113200003, 12.065278052999986], [9.037244796000095, 12.001476288000106], [9.05939578900012, 11.997504235000179], [9.08880424500012, 12.000413896000111], [9.170082093000133, 12.059247970000172], [9.210099221000064, 11.905941963999965], [9.189791679000052, 11.843978883000148], [9.135535240000138, 11.769334793000098], [9.130711556000165, 11.704882622000184], [9.212409974000025, 11.707202911000081], [9.262013436000132, 11.615871429000038], [9.355868339000097, 11.547020913000097], [9.240965843000083, 11.437438011000097], [9.224687577000054, 11.34247970600012], [9.135617255999989, 11.307813644000078], [9.098804473000087, 11.326272964000111], [9.071510314000136, 11.321589469000116], [8.944037438000123, 11.212577821000082], [8.856869697000093, 11.09567165300001], [8.76384925800005, 11.083239555000091], [8.738031388000138, 11.010445594000089], [8.733305931000018, 10.891864778000183], [8.744515419000095, 10.81280708300011]]]}}, {"type": "Feature", "properties": {"state": "Katsina", "lon": 7.492, "lat": 12.216}, "geometry": {"type": "Polygon", "coordinates": [[[7.130273819000138, 11.136741638000103], [7.085723877000021, 11.182902336000097], [6.983044148000147, 11.213663102000112], [7.036004067000022, 11.277489663000097], [7.027009009999972, 11.322417260000122], [6.902461052000035, 11.347935676000134], [6.923057079000159, 11.482240677000163], [6.908430099000157, 11.540955543999985], [6.875076771000067, 11.588386536000144], [6.917959213000074, 11.777701378000188], [6.942241191000107, 11.791123391000099], [7.049066067000069, 11.793192863000058], [7.069612979000169, 11.779329301000132], [7.148550033000106, 11.842511177000006], [7.157444000000169, 11.893397331000074], [7.211287976000108, 11.880581856000106], [7.241848945000186, 11.906306266000115], [7.214989186000139, 11.960043907000056], [7.110589027000174, 12.034189224000158], [7.1575732230000995, 12.173909188000096], [7.127470970000161, 12.30548763400003], [7.092795848000094, 12.37098789300012], [7.099311829000044, 12.427654266000104], [7.07799720700018, 12.478502274000164], [7.055595875000165, 12.63607215999997], [7.0407128330001, 12.829715729000043], [7.063951016000033, 13.00124359199998], [7.142549037000094, 13.026063920000183], [7.227884769000127, 13.110942840000064], [7.368330002000164, 13.098686218000068], [7.426324845000067, 13.110475540000152], [7.824882031000016, 13.339568138000004], [8.106680870000162, 13.289319993000106], [8.21174907700015, 13.219029427000066], [8.255915641000172, 13.20752620800016], [8.415629387000081, 13.054848671000002], [8.515917777000084, 13.062768937000044], [8.601824760000056, 13.010524749000126], [8.648481369000024, 12.93855857900013], [8.976986885000088, 12.834470749000161], [8.935155868000152, 12.79500675200012], [8.918413163000139, 12.753296853000052], [8.866892814000096, 12.712512017000051], [8.740012168000078, 12.67604255800012], [8.70549392800001, 12.712013246000083], [8.663184166000178, 12.687945366000122], [8.588136674000111, 12.722779273000071], [8.535533904000033, 12.83129978300019], [8.386520386000086, 12.81896591300017], [8.280282974999977, 12.833754541000076], [8.124576569000169, 12.808075905000123], [8.113876343000186, 12.65050601900009], [8.169639588000052, 12.624322892000066], [8.249396323000099, 12.622406007000166], [8.28283500700013, 12.569607735000034], [8.18737983699998, 12.555711747000089], [8.121875762999991, 12.399399757000083], [7.939106941000148, 12.330949783999984], [7.8351988790001315, 12.257110597000008], [7.84217119300007, 12.015228272000172], [7.828179835000071, 11.914670945000069], [7.862006188000123, 11.841694831000154], [7.851187228000072, 11.777195931000051], [7.901897907000034, 11.652961731999994], [7.842754841000044, 11.642582893000053], [7.713192940000056, 11.573236466000026], [7.6875610360000906, 11.495414735000054], [7.707687854000028, 11.413276673000041], [7.776265145000025, 11.359209062000161], [7.7566781050001055, 11.32296180800006], [7.655976773000077, 11.273315430000139], [7.581717969000124, 11.338437080999995], [7.449801922000063, 11.370581627000092], [7.400332927000136, 11.329186440000115], [7.371791839000139, 11.251077653000038], [7.272971153000071, 11.268947602000026], [7.21719789499997, 11.251497270000016], [7.248411178000026, 11.165481567000143], [7.226116180000076, 11.135001183000043], [7.182538986000111, 11.110753060000036], [7.130273819000138, 11.136741638000103]]]}}, {"type": "Feature", "properties": {"state": "Kebbi", "lon": 4.063, "lat": 11.662}, "geometry": {"type": "Polygon", "coordinates": [[[5.060142040000187, 11.028593064000063], [5.078249931000187, 10.923815727000147], [5.028773785000112, 10.86016941000014], [5.036725997000133, 10.837001802000088], [5.099816799000109, 10.789223671000116], [5.098797798000078, 10.756175042000109], [5.08251619300006, 10.73245144000009], [4.9367752080000855, 10.674658775000125], [4.856033803000116, 10.683069229000068], [4.816415786000107, 10.664316177000046], [4.808404923000126, 10.489175796000154], [4.888019084000064, 10.363897325000039], [4.895595074000028, 10.300432206000096], [4.824360848000083, 10.241288185000087], [4.649834155000121, 10.197095871000045], [4.632678986000087, 10.095730782000032], [4.563001156000098, 10.10314464600009], [4.5378389350001385, 10.139971734000028], [4.560993195000094, 10.270982743000161], [4.513710022000055, 10.31354618100005], [4.49550914800011, 10.35214138100008], [4.498532773000079, 10.453233718999968], [4.551762104999966, 10.537255288000097], [4.639047145000006, 10.576498985000057], [4.713602066000078, 10.647197723000147], [4.752840995000156, 10.818248748000144], [4.747823239000127, 10.894725799000014], [4.675720216000059, 10.910166739999966], [4.539962769000169, 11.001174927000136], [4.455288887000165, 11.028129578000062], [4.335136891000104, 11.013355256000125], [4.008495808000021, 11.01080226900018], [3.7738249309999787, 11.130524636000132], [3.691904068000156, 11.128158570000096], [3.496037006999984, 11.292149544999972], [3.565984012000172, 11.61698818200017], [3.600157023000122, 11.691953659000092], [3.679157018000069, 11.75850391500012], [3.665853024000114, 11.810473443000092], [3.6267518990000553, 11.839382172000057], [3.617655993000085, 11.916888237000023], [3.668823003000057, 11.977862358999971], [3.630786896000018, 12.117162704000123], [3.6574549680001383, 12.268477440000026], [3.64255595200018, 12.520148278000022], [3.9422080510001365, 12.764188766000188], [4.096078872000021, 12.995821953000018], [4.129622936000089, 13.148301124999989], [4.129068852000103, 13.212652206000087], [4.266116142000044, 13.203075409000007], [4.340850829000033, 13.22817134799999], [4.4483847630000355, 13.143491745000176], [4.602888108000059, 13.093979835000141], [4.668773175000183, 13.055010796000033], [4.7293457989999865, 13.057314874000042], [4.786764144000074, 13.128396988000077], [4.809264182999982, 13.126111030000118], [4.822363853000127, 13.095778466000013], [4.767948150000166, 12.889641762000053], [4.8270678530001305, 12.787784577000025], [4.803133011000057, 12.639032364000116], [4.830941200000041, 12.519038201000114], [4.827033996000068, 12.391757964000135], [4.816649914000095, 12.36693096099998], [4.800279140000043, 12.366284370000074], [4.7490029330000425, 12.398722648000103], [4.705716134000056, 12.398463249000088], [4.641881943000101, 12.379726410000103], [4.62118005800005, 12.356168747000027], [4.60501384700018, 12.296176910000042], [4.602746964000062, 12.13820362000007], [4.615509987000166, 11.93074989400003], [4.581151962000149, 11.774950981000075], [4.52026510200011, 11.609382630000084], [4.561402797000085, 11.551196098000162], [4.618696212999964, 11.538454056000148], [4.685029984000153, 11.60778999300004], [4.893315792000124, 11.69882678900018], [4.936760903000049, 11.682704925999985], [4.969767094000133, 11.694170953000025], [4.982056141000044, 11.666377068000145], [4.997251035000147, 11.665166854000176], [5.06676101700009, 11.688370704000022], [5.133108000000107, 11.652429000000154], [5.235544068000024, 11.675779300000045], [5.248818000000142, 11.712644000000068], [5.27877500000011, 11.72499600000009], [5.308877999999993, 11.710311999999988], [5.392536000000177, 11.718196000000034], [5.430193900000063, 11.65856170700016], [5.476596832000041, 11.656782151000186], [5.53548299900001, 11.618374001000177], [5.685209000000043, 11.622492000000136], [5.74512500000003, 11.644786999000132], [5.8233360010000865, 11.634911000000045], [5.893645000000163, 11.606707001000132], [5.913241000000085, 11.580324000000076], [5.9162630000001855, 11.533219001000191], [5.883138001000077, 11.410699000000022], [5.970144001000108, 11.367470999000147], [6.001327000000117, 11.319519999000136], [6.027025999999978, 11.111254999000096], [5.975035191000131, 11.134463311000161], [5.899237999000093, 11.055404999000075], [5.835744858000112, 11.04876613700003], [5.640265941000109, 10.967787743000088], [5.467865945000028, 10.956815719000133], [5.441319943000053, 10.976662636000128], [5.433845043000076, 11.145950317000029], [5.360107898000024, 11.205545426000072], [5.344282149000037, 11.309369087000107], [5.317063809000047, 11.33473777800009], [5.16958093500017, 11.342592239000112], [4.947381973000063, 11.298649789000137], [4.854409219000161, 11.266402246000098], [4.761071205000064, 11.209678650000114], [4.756505966000077, 11.167606354000156], [4.793418884000175, 11.13247966800003], [4.916444778000141, 11.080372811000188], [5.002998829000035, 11.072024345000102], [5.019997121000131, 11.039875031000122], [5.060142040000187, 11.028593064000063]]]}}, {"type": "Feature", "properties": {"state": "Kogi", "lon": 6.877, "lat": 7.608}, "geometry": {"type": "Polygon", "coordinates": [[[6.884262084000056, 6.745873927000048], [6.8231811520001315, 6.694775105000019], [6.802237988000115, 6.584167005000097], [6.772492886000123, 6.5436091420000935], [6.7494049070000415, 6.529236793000109], [6.691397189000156, 6.539916993000077], [6.664391041000158, 6.527450085000055], [6.647744178000039, 6.624865054000111], [6.610617161000107, 6.699322223000024], [6.625670909000064, 6.788344860000052], [6.604990005000104, 6.823072910000008], [6.670659065000052, 6.958298206000052], [6.669662953000056, 7.025447845000031], [6.700966835000031, 7.119962216000033], [6.6857509620001, 7.207426072000146], [6.6250758160001055, 7.281824112000095], [6.503843785000186, 7.251823903000059], [6.445271016000163, 7.385241985000107], [6.355547904000048, 7.3763899800001695], [6.258882999000093, 7.466857910000158], [6.16300010599997, 7.419583797000087], [6.1285071369999855, 7.42824697500015], [6.106586933000187, 7.457688809999979], [6.125897885000143, 7.524261952000131], [6.086237907000111, 7.527475835000075], [6.080350876000182, 7.563333988000181], [6.040867806000051, 7.563085079000132], [5.948122977000082, 7.653254986000036], [5.915113925000071, 7.696726799000032], [5.926578045000042, 7.763434887000187], [5.801577090000137, 7.757491111000093], [5.629484176000062, 7.837940215999993], [5.609388829000125, 7.923409938000134], [5.668053151000095, 7.982161046000044], [5.672565937000115, 8.00423240800012], [5.626179219000051, 8.019789697000135], [5.521803855000087, 7.989960194000162], [5.5183620460001634, 8.06291961800008], [5.544676782000181, 8.07700538600011], [5.541481972000156, 8.122278214000175], [5.416862965000121, 8.211835861000054], [5.3456721310001285, 8.321478844000183], [5.479988098000149, 8.504441262000114], [5.538070202000142, 8.54128646900017], [5.616656780000085, 8.460816383000008], [5.715548038999998, 8.422449113000027], [6.049297810000155, 8.373388291000026], [6.0981450070001415, 8.381554604000087], [6.171154023000099, 8.671684264000021], [6.210897923000118, 8.72546863700012], [6.223938942000075, 8.723613740000019], [6.307275772000139, 8.679976463000173], [6.34816789600012, 8.63867473700003], [6.392764092000164, 8.569166182999993], [6.434031963999985, 8.436502456000085], [6.5377898210001035, 8.356294633000061], [6.670077800000172, 8.198319435000087], [6.7017369260000805, 8.200084686000025], [6.731769085999986, 8.28724193700009], [6.758182048000151, 8.278715135000141], [6.75918102300011, 8.326454162000061], [6.8168911940001635, 8.354539871000156], [6.834949971000128, 8.40681171500006], [6.978153228999986, 8.411814689000153], [6.943429947000084, 8.31270027200003], [6.991941930000053, 8.242664338000054], [7.0007319440000515, 8.14331245500017], [6.981212139000149, 7.992074966000189], [6.941441058000066, 7.930925846000093], [6.938623906000032, 7.87076187100007], [6.949791907000133, 7.861804962000178], [7.01866722200009, 7.909308910000107], [7.168173790000139, 7.974814892000097], [7.3685259810001185, 8.029076577000069], [7.482760907000113, 8.04027938900009], [7.665016174000073, 8.020207406000111], [7.66857385600008, 7.880005837000056], [7.754314899000178, 7.756270886000095], [7.763687133000076, 7.5353322030001095], [7.783722877000173, 7.446172238000145], [7.804230213000153, 7.429213048000065], [7.881534100000067, 7.426740170000073], [7.848320007000041, 7.357173920000093], [7.810231208999994, 7.1997947700000395], [7.756785870000101, 7.149721146000104], [7.652772903000027, 7.099356174000036], [7.637391090000165, 7.0760860450001815], [7.631855011000141, 7.004664899000147], [7.56837892599998, 7.020049095000104], [7.47570896100018, 7.100527763000116], [7.436426163000078, 7.112734795000051], [7.382895947000179, 7.100495815000102], [7.308926106000058, 7.051925183000037], [7.209105016000137, 6.932048798000153], [7.112516880000044, 6.869790077000175], [7.032156944000121, 6.78280210500003], [7.000989914000115, 6.782870771000034], [6.95000600700007, 6.857104779000053], [6.884262084000056, 6.745873927000048]]]}}, {"type": "Feature", "properties": {"state": "Kwara", "lon": 4.594, "lat": 9.046}, "geometry": {"type": "Polygon", "coordinates": [[[5.544676782000181, 8.07700538600011], [5.428831101000185, 8.066062928000122], [5.376573085000189, 8.046651841000141], [5.351260186000047, 7.965874195000083], [5.224142074000042, 7.971734046999984], [5.169717789000117, 8.018800736000117], [5.097360134000155, 7.99857997800018], [5.057845117000113, 8.03939533300013], [4.974486828000181, 8.024436950000165], [4.950603962000116, 8.075366021000093], [4.915430069000138, 8.084733963000133], [4.689223766000055, 8.030681610000102], [4.5243921270000556, 8.045951843000125], [4.462796211000125, 8.20664501300007], [4.406816005000167, 8.242897034000123], [4.359198094000135, 8.311072349000028], [4.325335027000051, 8.444762231000027], [4.218222140000137, 8.632069588000036], [4.1837530130000005, 8.742471696000166], [4.200386047000109, 8.814856530000156], [4.234033108000062, 8.839660645000151], [4.248915196000041, 8.874935151000045], [4.300015926000071, 8.908437728000138], [4.337773800000093, 8.959242821000089], [4.335107803000028, 8.980051041000138], [4.314068793999979, 8.992635726000003], [4.268352032000109, 8.963655473000188], [4.232543946000135, 8.962420463000115], [4.152906895000058, 8.977619172000118], [4.022130012000105, 9.030433655000081], [3.9423689840000407, 9.101999283000112], [3.933592080000153, 9.141737938000176], [3.8677051080001092, 9.181207657000186], [3.8347849850000557, 9.179899215999967], [3.772989035000137, 9.146411897000064], [3.7381041050001045, 9.026544570000056], [3.666810989000055, 8.971369744000128], [3.2457931030000964, 8.748309135000056], [3.1890029920000416, 8.777421951000122], [3.1476070870001536, 8.77305316900015], [3.008861065000133, 8.673447609000164], [2.942610979000051, 8.602366448000112], [2.8011469850000594, 8.57778835400012], [2.749619960000018, 8.533060074000161], [2.7587189670001635, 8.561560631000077], [2.7375659950000113, 8.65487766200016], [2.750379086000123, 8.700288772000135], [2.728413104000083, 8.772684097000024], [2.763381958000082, 8.80978393600003], [2.757014037000147, 8.863522529000079], [2.7735528940001473, 8.894724846000088], [2.758111953000025, 8.907858849000093], [2.7888460160000363, 8.970261573000187], [2.7721269120001466, 9.007446290000132], [2.7808918950001384, 9.065108300000134], [2.8675930510000285, 9.062150001000077], [2.896111965000159, 9.083726882000008], [2.9533820160001483, 9.092598914999996], [3.008142949000046, 9.07391739000019], [3.0881700520000663, 9.101576806000082], [3.1236989490001292, 9.192242622000037], [3.1263639920001083, 9.252183914000057], [3.157227993000049, 9.282415390000097], [3.1361548900000003, 9.462879181000119], [3.1548368930000947, 9.493068696000023], [3.1947610370000916, 9.51509857100018], [3.2635519500000214, 9.652289390000021], [3.31491708700014, 9.657733917000087], [3.3486499780000827, 9.6854066840001], [3.3233950140000275, 9.776936531000104], [3.3473138800000584, 9.817977906000124], [3.4564299580001716, 9.861216545000048], [3.5296449660000917, 9.862080575000107], [3.5622980590001134, 9.895080567000093], [3.602315902000157, 9.957432746000165], [3.6156010620001666, 10.075632095000003], [3.662817002000054, 10.106930734000002], [3.670058011000151, 10.129911423000124], [3.75695896100018, 10.144550324000136], [3.9860970980001866, 10.14143467000008], [4.346945762000132, 9.727912903000174], [4.383965969000144, 9.702624320999973], [4.428134919000172, 9.69773673900005], [4.421738147000099, 9.489727020000146], [4.435912131000066, 9.43073368000006], [4.579212189000145, 9.437274934000015], [4.592741012000147, 9.425402641000119], [4.6023840900001005, 9.321801186000187], [4.664857864000169, 9.266743661000078], [4.731186867000133, 9.251685143000088], [4.757711888000188, 9.130426408000005], [4.776516914000069, 9.115796090000117], [4.820662022000079, 9.109285355000054], [5.007553100000166, 9.169149400000151], [5.133045196000069, 9.10306263100017], [5.235641956000109, 8.987077713000133], [5.271940231999963, 8.975846292000142], [5.345872879000069, 8.993502617000047], [5.479475974000081, 8.960083961000066], [5.7921300000001, 8.748046001000148], [5.901330000000087, 8.733265999000082], [6.077572823000082, 8.752868653000064], [6.210897923000118, 8.72546863700012], [6.171154023000099, 8.671684264000021], [6.0981450070001415, 8.381554604000087], [6.049297810000155, 8.373388291000026], [5.715548038999998, 8.422449113000027], [5.616656780000085, 8.460816383000008], [5.538070202000142, 8.54128646900017], [5.479988098000149, 8.504441262000114], [5.3456721310001285, 8.321478844000183], [5.416862965000121, 8.211835861000054], [5.541481972000156, 8.122278214000175], [5.544676782000181, 8.07700538600011]]]}}, {"type": "Feature", "properties": {"state": "Lagos", "lon": 3.698, "lat": 6.541}, "geometry": {"type": "Polygon", "coordinates": [[[3.395139934000156, 6.396527767000123], [3.19791698500012, 6.404583932000094], [2.7120831010000757, 6.37541580300018], [2.7062799940001696, 6.42560482000016], [2.7178540240001894, 6.473495961000083], [2.7931289670001433, 6.47394085000019], [2.8245289330000674, 6.4595642090001775], [2.8803420060001486, 6.498985768000125], [2.8835508830001686, 6.526154041000154], [3.165836096000021, 6.521341801000062], [3.1829519280000795, 6.537661076000177], [3.195291996000094, 6.6013541230000214], [3.2280130400000644, 6.626173020000124], [3.230501891000017, 6.666041851000102], [3.26348590900011, 6.707005023000136], [3.3373839850000877, 6.679446220000159], [3.3698160650001796, 6.643366814000103], [3.443592072000058, 6.651104927000063], [3.4354279040001074, 6.6745457650001185], [3.4610979550001275, 6.691641808000043], [4.079721928000026, 6.683632851000084], [4.094236850000186, 6.6674690250000594], [4.046372890000157, 6.6057639120001], [4.058833122000124, 6.562180042000136], [4.0941028590000315, 6.544507026000133], [4.146152020000102, 6.579378128000087], [4.201899053000034, 6.586041928000043], [4.220890998000186, 6.546730043000139], [4.157709122000142, 6.5085878380000395], [4.152177811000115, 6.480536938000057], [4.229941845000042, 6.434916973000156], [4.3329401010000765, 6.436622143000022], [4.348236085000053, 6.411445141000172], [4.342410087000076, 6.373194218000094], [3.890416999000024, 6.438195000000178], [3.420972109000161, 6.422639848000131], [3.395139934000156, 6.396527767000123]]]}}, {"type": "Feature", "properties": {"state": "Nasarawa", "lon": 8.179, "lat": 8.578}, "geometry": {"type": "Polygon", "coordinates": [[[8.170141219000072, 7.857613087000175], [7.949916840000071, 7.960107803000085], [7.6775197980000485, 8.01965522800009], [7.482760907000113, 8.04027938900009], [7.3685259810001185, 8.029076577000069], [7.188149929000133, 7.982320786000116], [7.01866722200009, 7.909308910000107], [6.96558380200014, 7.867534160000105], [6.938623906000032, 7.87076187100007], [6.941441058000066, 7.930925846000093], [6.981212139000149, 7.992074966000189], [7.0007319440000515, 8.14331245500017], [6.991941930000053, 8.242664338000054], [6.943429947000084, 8.31270027200003], [6.978153228999986, 8.411814689000153], [7.157886028000121, 8.439849853000055], [7.2796831130001465, 8.476303101000099], [7.392138005000106, 8.534829139000067], [7.453132153000183, 8.608996392000165], [7.500244141000053, 8.695860862000018], [7.556766032000155, 8.908294679000107], [7.558621884000047, 9.14605903600011], [7.592772007000065, 9.250815392000163], [7.617895126000178, 9.261681556000042], [7.625835896000126, 9.310740470000042], [7.647560118999991, 9.327117920000092], [7.680681229000072, 9.282604219000007], [7.719930173000023, 9.29013442900009], [7.752920151000069, 9.264054299000122], [7.816051960000152, 9.247255325000026], [7.864253998000095, 9.282054901000038], [7.906109810000089, 9.356833456999993], [7.940209865000099, 9.356187820000173], [7.987493038000139, 9.313361168000142], [7.992774010000119, 9.261161803999983], [8.060847283000157, 9.22203636100005], [8.077491759999987, 9.196186067000099], [8.076737405000017, 9.040513992000001], [8.09979534100006, 9.005060196000045], [8.161332131000052, 9.033067703000029], [8.263727187000086, 9.155632974000184], [8.309397697000065, 9.131971360000136], [8.371091843000102, 9.128135681000117], [8.457268714000008, 9.033329963000085], [8.466996192000181, 9.002805710000189], [8.53289318000003, 9.00739574500011], [8.650721549000082, 9.20468044300003], [8.68724727600005, 9.178344726000148], [8.760061265000104, 9.162948609000182], [8.770198822000168, 9.091080666999972], [8.817846298000063, 9.028331757000046], [8.98195266800019, 9.011655808000057], [9.026715278000154, 9.03331661300001], [9.0759773260001, 8.988759995000066], [9.063265800000124, 8.941783906000182], [9.002447128000028, 8.856785775000105], [8.939078331000019, 8.825441361000117], [8.883304595000084, 8.73134517700015], [8.931738854000002, 8.642162323000093], [8.928375244000051, 8.547863007000046], [8.943880081000145, 8.52153015100015], [9.09392738200006, 8.450019837000013], [9.22620773300008, 8.452428818000158], [9.38394260400014, 8.497280122000177], [9.551213265000115, 8.42759323100006], [9.615531922000173, 8.351235391000102], [9.57381534700005, 8.292002678000074], [9.529616356000133, 8.278777123000111], [9.42688846700014, 8.297099114000048], [9.382763862000104, 8.32881069199999], [9.331996918000186, 8.314837455000031], [9.29870510100011, 8.234481812000183], [9.359149933000026, 8.172221185000069], [9.370420456000033, 8.05311965900006], [9.172503472000187, 7.914113044999965], [8.978979111000115, 8.058293343000003], [8.978905677000057, 8.04710960400007], [8.914941788000021, 8.043549538000036], [8.80247402200007, 8.055850028999998], [8.562248230000023, 8.13492202700013], [8.495870590000095, 8.14205169600001], [8.391057969000087, 8.099312783000073], [8.357912063000128, 8.048200608000116], [8.355817795000007, 7.9898691170001825], [8.431757926000103, 7.8024010649999695], [8.411959648000163, 7.762828826000032], [8.325725555000076, 7.798669815000153], [8.27219772400008, 7.843876839000131], [8.170141219000072, 7.857613087000175]]]}}, {"type": "Feature", "properties": {"state": "Niger", "lon": 5.799, "lat": 9.777}, "geometry": {"type": "Polygon", "coordinates": [[[6.752073765000034, 9.216736794999974], [6.7509641650000844, 8.489928244999987], [6.782475949000002, 8.410952569000017], [6.834949971000128, 8.40681171500006], [6.8168911940001635, 8.354539871000156], [6.75918102300011, 8.326454162000061], [6.758182048000151, 8.278715135000141], [6.731769085999986, 8.28724193700009], [6.696332932000075, 8.194410324000046], [6.654527186000166, 8.207580567000036], [6.5377898210001035, 8.356294633000061], [6.434031963999985, 8.436502456000085], [6.379088879000108, 8.594544412000062], [6.307275772000139, 8.679976463000173], [6.261346817000174, 8.709594726000034], [6.077572823000082, 8.752868653000064], [5.901330000000087, 8.733265999000082], [5.7921300000001, 8.748046001000148], [5.479475974000081, 8.960083961000066], [5.345872879000069, 8.993502617000047], [5.271940231999963, 8.975846292000142], [5.235641956000109, 8.987077713000133], [5.133045196000069, 9.10306263100017], [5.007553100000166, 9.169149400000151], [4.820662022000079, 9.109285355000054], [4.776516914000069, 9.115796090000117], [4.757711888000188, 9.130426408000005], [4.731186867000133, 9.251685143000088], [4.664857864000169, 9.266743661000078], [4.6023840900001005, 9.321801186000187], [4.592741012000147, 9.425402641000119], [4.579212189000145, 9.437274934000015], [4.435912131000066, 9.43073368000006], [4.421738147000099, 9.489727020000146], [4.428134919000172, 9.69773673900005], [4.383965969000144, 9.702624320999973], [4.346945762000132, 9.727912903000174], [3.9983251090000635, 10.135342597999966], [3.9399719240000763, 10.150134086000094], [3.670058011000151, 10.129911423000124], [3.6780560010001864, 10.178258896000159], [3.6463010310001778, 10.189411164000092], [3.5977408880001462, 10.241768837000052], [3.5841710570001055, 10.278369905000147], [3.6376540650000493, 10.427589417000036], [3.6876969330000975, 10.45637702900018], [3.7860031120001736, 10.405379296000092], [3.80616402600009, 10.502999306000106], [3.851317882000103, 10.601945877000048], [3.8409800530001803, 10.704918862], [3.7975120540000944, 10.73518180800005], [3.749533893000091, 10.824714660999973], [3.7712249769999744, 10.930769921000035], [3.751455068000155, 11.011383056], [3.716901064000183, 11.024339676000011], [3.7274630060001073, 11.117725372000166], [3.7118940340001814, 11.128143310000098], [3.7738249309999787, 11.130524636000132], [3.9522221080001145, 11.03348636600009], [4.03851890500016, 11.006294250000167], [4.455288887000165, 11.028129578000062], [4.539962769000169, 11.001174927000136], [4.675720216000059, 10.910166739999966], [4.747823239000127, 10.894725799000014], [4.752840995000156, 10.818248748000144], [4.713602066000078, 10.647197723000147], [4.639047145000006, 10.576498985000057], [4.551762104999966, 10.537255288000097], [4.498532773000079, 10.453233718999968], [4.49550914800011, 10.35214138100008], [4.513710022000055, 10.31354618100005], [4.560993195000094, 10.270982743000161], [4.5378389350001385, 10.139971734000028], [4.563001156000098, 10.10314464600009], [4.632678986000087, 10.095730782000032], [4.649834155000121, 10.197095871000045], [4.824360848000083, 10.241288185000087], [4.895595074000028, 10.300432206000096], [4.888019084000064, 10.363897325000039], [4.808404923000126, 10.489175796000154], [4.816415786000107, 10.664316177000046], [4.856033803000116, 10.683069229000068], [4.9367752080000855, 10.674658775000125], [5.08251619300006, 10.73245144000009], [5.098797798000078, 10.756175042000109], [5.099816799000109, 10.789223671000116], [5.036725997000133, 10.837001802000088], [5.028773785000112, 10.86016941000014], [5.078249931000187, 10.923815727000147], [5.060142040000187, 11.028593064000063], [5.019997121000131, 11.039875031000122], [5.002998829000035, 11.072024345000102], [4.916444778000141, 11.080372811000188], [4.829148770000074, 11.115347862000078], [4.756505966000077, 11.167606354000156], [4.753837109000131, 11.19204997900016], [4.776039124000135, 11.225090980000061], [4.947381973000063, 11.298649789000137], [5.212388039000132, 11.34669399300003], [5.329042912000091, 11.328591346999985], [5.351986885000031, 11.28102970100008], [5.360107898000024, 11.205545426000072], [5.433845043000076, 11.145950317000029], [5.441319943000053, 10.976662636000128], [5.467865945000028, 10.956815719000133], [5.640265941000109, 10.967787743000088], [5.835744858000112, 11.04876613700003], [5.899237999000093, 11.055404999000075], [5.9613709470000344, 11.129015923000054], [6.005049202000066, 11.128749856000184], [6.08055687000018, 11.041009904000134], [6.16763300100007, 10.869751000000122], [6.117369175000022, 10.770384788000058], [6.110967160000143, 10.693874360000109], [6.136531831000127, 10.632273673999975], [6.128431796000086, 10.539376258000118], [6.098696233000112, 10.510659217000182], [6.093410968000057, 10.473664284000108], [6.096834183000055, 10.451768875000141], [6.146090984000182, 10.419741632000068], [6.1658492090001005, 10.36339282900002], [6.188920021000115, 10.353939056000058], [6.298674106000021, 10.480246544000124], [6.4287381180000125, 10.576061249000077], [6.509582997000052, 10.588004112000135], [6.542827129000159, 10.529484749000119], [6.66614913900014, 10.575132371000109], [6.7303590770001165, 10.56612396300011], [6.740683078000188, 10.581934930000159], [6.7297911650000515, 10.62014198300011], [6.748939990000167, 10.639280319000022], [6.82526397700002, 10.631323814000098], [6.847410202000049, 10.520509721000053], [6.932256223000138, 10.521924973000068], [6.964271068000073, 10.461155892000079], [6.941629886999976, 10.35383415299998], [7.07175016400015, 10.299287796999977], [7.0502581599999985, 10.239056588000096], [6.9817748060000895, 10.197407723000083], [6.892136098000151, 10.105225564000136], [6.936477182999965, 10.046933175000106], [6.995819091000101, 10.020505906000096], [7.274191856000073, 9.997675897000022], [7.298593044000029, 9.78880214700007], [7.288456917000076, 9.764504433000184], [7.236299038000084, 9.757922172000065], [7.217270850999967, 9.741010667000126], [7.238335133000078, 9.714141846000018], [7.296801090000088, 9.692272186000082], [7.283333779000031, 9.643844604000094], [7.331851960000165, 9.617921829000124], [7.341151238000066, 9.587725639000098], [7.291293145000111, 9.536898613000005], [7.281586170000139, 9.49219989800008], [7.220263004000003, 9.442659379000133], [7.218708991000142, 9.405433655000081], [7.273574829000097, 9.360843658000078], [7.251194001000158, 9.294542313000136], [7.310853959000099, 9.29749584200016], [7.1710481650001725, 9.099448204000169], [7.145867825000039, 9.098995210000169], [7.007513047000089, 9.225593567000033], [6.979012012000112, 9.235713004000047], [6.80095481800015, 9.228135108999993], [6.752073765000034, 9.216736794999974]]]}}, {"type": "Feature", "properties": {"state": "Ogun", "lon": 3.275, "lat": 7.14}, "geometry": {"type": "Polygon", "coordinates": [[[4.343472004000091, 6.372638225000003], [4.347043992000067, 6.4234628690001045], [4.3329401010000765, 6.436622143000022], [4.229941845000042, 6.434916973000156], [4.152177811000115, 6.480536938000057], [4.157709122000142, 6.5085878380000395], [4.220890998000186, 6.546730043000139], [4.201899053000034, 6.586041928000043], [4.146152020000102, 6.579378128000087], [4.0941028590000315, 6.544507026000133], [4.058833122000124, 6.562180042000136], [4.050084114000072, 6.620926857000143], [4.094236850000186, 6.6674690250000594], [4.068204880000167, 6.685444833000076], [3.4610979550001275, 6.691641808000043], [3.4354279040001074, 6.6745457650001185], [3.443592072000058, 6.651104927000063], [3.3698160650001796, 6.643366814000103], [3.3373839850000877, 6.679446220000159], [3.2523949150001386, 6.706501962000175], [3.2289659970001594, 6.628001214000051], [3.195291996000094, 6.6013541230000214], [3.1829519280000795, 6.537661076000177], [3.165836096000021, 6.521341801000062], [2.8870229710000217, 6.526786803999983], [2.8803420060001486, 6.498985768000125], [2.8245289330000674, 6.4595642090001775], [2.7931289670001433, 6.47394085000019], [2.7178540240001894, 6.473495961000083], [2.7247090330001242, 6.526391030000127], [2.7531230440001764, 6.570466995000004], [2.7314279080001143, 6.630785942000102], [2.786590100000069, 6.694790841000099], [2.7862939840001104, 6.754580019999992], [2.7391951089999793, 6.765315056000077], [2.7293219570000247, 6.790154935000146], [2.7492439750001267, 6.839306831000044], [2.751513958999965, 6.9124169360000565], [2.71821403600012, 6.940331937000053], [2.7206389900000545, 6.986536980000096], [2.792602062000128, 7.04127693200013], [2.7450940610000885, 7.092676163000078], [2.784868955000036, 7.159226894000028], [2.7742550370001027, 7.23441982300011], [2.7494580750000637, 7.261154175000058], [2.747577905000128, 7.417438984], [2.7991869450000877, 7.426483155000028], [2.798191071000076, 7.4825558670000305], [2.749644994000164, 7.527316092999968], [2.7302820690000544, 7.5801739690001], [2.729464053000072, 7.792222976000119], [2.6684310430001688, 7.8897809980001625], [2.774682045000077, 7.96642112800015], [2.8310699470001737, 7.969844819000173], [2.8617649080001684, 7.954785824000055], [2.8884038930000884, 7.902887821000036], [2.890878917000066, 7.798567773000059], [2.9211020480000798, 7.725613117000023], [2.934690952000153, 7.723536015000093], [2.9590840330000674, 7.833165169000097], [3.0029070370001136, 7.8305711750000455], [3.009042979000128, 7.752720832000023], [2.980938912000113, 7.6563057890001005], [2.9660789960000216, 7.651022912000087], [2.9745941170001515, 7.592048168000133], [3.0580329900001857, 7.511726857000099], [3.1262569420001682, 7.3899102210000365], [3.2126240740000753, 7.333761215000095], [3.306183100000169, 7.3370108600001345], [3.3510820870001794, 7.401072979000105], [3.3694999220000454, 7.469505786000013], [3.3957390790001227, 7.493284225000082], [3.4376840600000946, 7.488646030000098], [3.4658799160001195, 7.418725014000188], [3.491677045000017, 7.400520801000084], [3.566298009000093, 7.432240010000044], [3.66644096400006, 7.428687096000033], [3.6853439800000274, 7.398143769000001], [3.6905710700001464, 7.306925772999989], [3.7558150300001216, 7.258061886000064], [3.7784950730000446, 7.13240385000006], [3.7144238950001522, 7.067747117000124], [3.7149798860000374, 7.044898987000067], [3.9060969350001074, 7.0561728480001875], [3.981810092000046, 7.098255157000153], [4.084998130000145, 7.1117229460001], [4.143990993999978, 7.147861004000049], [4.167451859000039, 7.128081799000142], [4.176959037000074, 7.058939935000069], [4.208823205000101, 7.0590882290001105], [4.2709817880000855, 7.091019153000104], [4.325778960000093, 7.081549167000105], [4.373797893000074, 6.966764928000032], [4.423255920000145, 6.998449802999971], [4.4595599170000355, 6.98768091300019], [4.566033841000092, 7.004552841000134], [4.538499833000117, 6.857374192000066], [4.402080058000081, 6.744350911000026], [4.353930950000063, 6.664886952000018], [4.352340222000066, 6.6233878150001715], [4.386932851000097, 6.578042984999968], [4.464529037000148, 6.56495380400014], [4.494113923000043, 6.566988945000048], [4.559521198000084, 6.628623963000166], [4.582642000000135, 6.6164640000000645], [4.596021000000121, 6.48658300000011], [4.584465980000061, 6.457248212000138], [4.545046000000184, 6.446616000000063], [4.514557839000133, 6.417147161000116], [4.47574400000002, 6.415499000000125], [4.454384000000175, 6.393718000000035], [4.515288830000088, 6.390833855000096], [4.568630007000138, 6.362702966000143], [4.572043895000149, 6.345341206000171], [4.558666000000187, 6.31742300000019], [4.49208307300006, 6.322360039000046], [4.343472004000091, 6.372638225000003]]]}}, {"type": "Feature", "properties": {"state": "Ondo", "lon": 4.839, "lat": 6.818}, "geometry": {"type": "MultiPolygon", "coordinates": [[[[4.995973000000163, 5.863194000000021], [4.999304999000117, 5.859862001000124], [4.999304999000117, 5.858750001000146], [4.995973000000163, 5.863194000000021]]], [[[4.989860000000135, 5.871527000000128], [4.994029000000069, 5.867085000000088], [4.994029000000069, 5.865971999999999], [4.989860000000135, 5.871527000000128]]], [[[4.977639000000067, 5.887084000000129], [4.986250000000041, 5.879305000000102], [4.987360000000024, 5.874861000000067], [4.977639000000067, 5.887084000000129]]], [[[4.999196053000162, 6.347058774000175], [4.983150004000038, 6.2970390320001], [4.978158950000079, 6.288126945000158], [4.985733033000145, 6.270925046000173], [5.028306960000123, 6.248051167000028], [5.055016042000091, 6.200535774999992], [5.092505931000062, 6.191589832000091], [5.121549129000016, 6.145647049000104], [5.003692000000058, 5.856250000000159], [4.9804180000001, 5.88875000000013], [4.944027000000062, 5.92652900000013], [4.940417000000139, 5.936806000000104], [4.779304999999965, 6.100138000000129], [4.494027000000187, 6.321806000000095], [4.558666000000187, 6.31742300000019], [4.572043895000149, 6.345341206000171], [4.568630007000138, 6.362702966000143], [4.515288830000088, 6.390833855000096], [4.454384000000175, 6.393718000000035], [4.47574400000002, 6.415499000000125], [4.514557839000133, 6.417147161000116], [4.545046000000184, 6.446616000000063], [4.584465980000061, 6.457248212000138], [4.596021000000121, 6.48658300000011], [4.585958956000127, 6.607179122000105], [4.559521198000084, 6.628623963000166], [4.494113923000043, 6.566988945000048], [4.386932851000097, 6.578042984999968], [4.352340222000066, 6.6233878150001715], [4.353930950000063, 6.664886952000018], [4.383873940000058, 6.717899799000065], [4.531866073000117, 6.846876145000181], [4.561092854000094, 6.988341809000133], [4.60423994100006, 7.011285782000073], [4.639005185000087, 7.09143591000003], [4.670423029999995, 7.121123791000173], [4.724907876000088, 7.1497230540001055], [4.8331742290001785, 7.091355801000077], [4.870708943000011, 7.099713803000043], [4.868053913000097, 7.235871793000172], [4.893301964000045, 7.3413338670001735], [5.0014519690000725, 7.376171112000179], [4.991487027000176, 7.414905072000124], [5.065019131000042, 7.438300133999974], [5.30328512300008, 7.436298847000046], [5.3282799720000185, 7.427814007000052], [5.351255893000086, 7.392125130000068], [5.382987975000162, 7.283477784000127], [5.419771194000134, 7.273993015000087], [5.493902205000097, 7.3181757920000905], [5.534805774000063, 7.363619804000166], [5.5858449940001265, 7.464950085000112], [5.623662948000117, 7.619797231000064], [5.705655098000136, 7.6933760640001765], [5.719349862000058, 7.726594925000086], [5.7494640350001305, 7.732770920000121], [5.773613930000181, 7.712750912000104], [5.811425209000106, 7.756145954999965], [5.926578045000042, 7.763434887000187], [5.915113925000071, 7.696726799000032], [6.028376103000085, 7.573422908000055], [5.988873959000159, 7.5171380049999925], [5.949274063000132, 7.50973987600014], [5.9264321330000485, 7.481984138000087], [5.930009841000128, 7.446163177000187], [5.962582112000177, 7.432920934000094], [5.948441982000077, 7.386329174000082], [5.967810155000109, 7.341703892000112], [5.9447269430000915, 7.284652234000134], [5.881639957000118, 7.238205910000147], [5.823371887000178, 7.060636043999978], [5.778882979000116, 7.02194500100012], [5.768905162000124, 6.947136878000094], [5.790524960000141, 6.9133172030000765], [5.776113986999974, 6.8787288670000635], [5.752861977000066, 6.882815839000045], [5.713059902000111, 6.748073100000056], [5.669848920000106, 6.73150777900014], [5.615869998000164, 6.763111115000072], [5.543005944000129, 6.711523057000022], [5.509103775000028, 6.799766065000142], [5.541550160000099, 6.836124896000115], [5.5134639740001035, 6.869823933000134], [5.203135013000178, 6.867961883000078], [5.155593872000054, 6.768878938000057], [5.12768220900017, 6.755974770000137], [5.084261895000054, 6.697656155000061], [5.07276105800014, 6.600034238000148], [5.115178108000009, 6.552939892000154], [5.118738175000146, 6.501664161000122], [5.077148914000134, 6.442392826000059], [5.063478946000089, 6.3819499020001444], [5.015923977000057, 6.36799812300012], [4.999196053000162, 6.347058774000175]]], [[[4.936528000000067, 5.936249000000032], [4.9412510000000225, 5.932361000000071], [4.941529000000116, 5.930695000000071], [4.936528000000067, 5.936249000000032]]]]}}, {"type": "Feature", "properties": {"state": "Osun", "lon": 4.529, "lat": 7.541}, "geometry": {"type": "Polygon", "coordinates": [[[4.077095985000142, 7.112482071000102], [4.148694992000173, 7.497289181000156], [4.085440158000154, 7.583726883000054], [4.035253049000119, 7.621264934999999], [4.0285639760001, 7.650446892000048], [4.059781074, 7.696515083000122], [4.07372999200004, 7.845770835000167], [4.152876853000066, 7.828733921999969], [4.1904740330001005, 7.840782166000167], [4.205179214000111, 7.893822194000052], [4.267601967000132, 7.956433773000072], [4.316299916000048, 7.926764013000081], [4.374193191000131, 7.837187768000092], [4.408607959000108, 7.852289200000087], [4.468050002000098, 7.916333199000178], [4.543181895000089, 7.940535068000088], [4.564240932000132, 7.982750894000162], [4.555625915999997, 8.03415489200006], [4.573667049000164, 8.037726402000146], [4.731326104000175, 8.035732269000107], [4.788537025000096, 8.06151771499998], [4.797376156000041, 8.049386979000133], [4.796051978999969, 8.063485147000051], [4.838800908000053, 8.057432176000077], [4.915430069000138, 8.084733963000133], [4.950603962000116, 8.075366021000093], [4.974486828000181, 8.024436950000165], [5.063580990000162, 8.037220956000056], [5.039707184000122, 7.945345879000115], [4.946063996000021, 7.879580022000084], [4.915411950000134, 7.811122894000164], [4.926557065000111, 7.74333715500012], [4.907282829000167, 7.679069996000067], [4.918509960000108, 7.602056027000117], [5.0014519690000725, 7.376171112000179], [4.893301964000045, 7.3413338670001735], [4.868053913000097, 7.235871793000172], [4.862485885000183, 7.090857030000109], [4.8331742290001785, 7.091355801000077], [4.745648860000074, 7.147293090000119], [4.708240985000145, 7.14700794200013], [4.639005185000087, 7.09143591000003], [4.5949058540000465, 7.005214215000137], [4.5625400549999995, 6.988232136000022], [4.560990810000021, 7.006715775000032], [4.4595599170000355, 6.98768091300019], [4.423255920000145, 6.998449802999971], [4.373797893000074, 6.966764928000032], [4.325778960000093, 7.081549167000105], [4.2709817880000855, 7.091019153000104], [4.208823205000101, 7.0590882290001105], [4.176959037000074, 7.058939935000069], [4.167451859000039, 7.128081799000142], [4.143990993999978, 7.147861004000049], [4.077095985000142, 7.112482071000102]]]}}, {"type": "Feature", "properties": {"state": "Oyo", "lon": 3.611, "lat": 8.136}, "geometry": {"type": "Polygon", "coordinates": [[[3.981810092000046, 7.098255157000153], [3.9060969350001074, 7.0561728480001875], [3.709049941000103, 7.0493822090001], [3.7784950730000446, 7.13240385000006], [3.7558150300001216, 7.258061886000064], [3.6905710700001464, 7.306925772999989], [3.6853439800000274, 7.398143769000001], [3.66644096400006, 7.428687096000033], [3.566298009000093, 7.432240010000044], [3.491677045000017, 7.400520801000084], [3.4658799160001195, 7.418725014000188], [3.4376840600000946, 7.488646030000098], [3.3957390790001227, 7.493284225000082], [3.3694999220000454, 7.469505786000013], [3.3510820870001794, 7.401072979000105], [3.306183100000169, 7.3370108600001345], [3.2126240740000753, 7.333761215000095], [3.174823045000153, 7.35193920200004], [3.1262569420001682, 7.3899102210000365], [3.0580329900001857, 7.511726857000099], [2.9745941170001515, 7.592048168000133], [2.9660789960000216, 7.651022912000087], [2.980938912000113, 7.6563057890001005], [3.009042979000128, 7.752720832000023], [3.0029070370001136, 7.8305711750000455], [2.9590840330000674, 7.833165169000097], [2.934690952000153, 7.723536015000093], [2.9211020480000798, 7.725613117000023], [2.890878917000066, 7.798567773000059], [2.8884038930000884, 7.902887821000036], [2.8617649080001684, 7.954785824000055], [2.8310699470001737, 7.969844819000173], [2.774682045000077, 7.96642112800015], [2.678306103000125, 7.897381783000128], [2.754101038000101, 8.211312294000152], [2.7145969870001068, 8.260539056000027], [2.695657014000176, 8.324747087000162], [2.714009046000001, 8.387241363000157], [2.706913949000125, 8.420345307000048], [2.734891892000178, 8.436308862000033], [2.756928920000121, 8.48261642500006], [2.761883975000046, 8.522548676000099], [2.749619960000018, 8.533060074000161], [2.8011469850000594, 8.57778835400012], [2.942610979000051, 8.602366448000112], [3.008861065000133, 8.673447609000164], [3.1476070870001536, 8.77305316900015], [3.1890029920000416, 8.777421951000122], [3.2457931030000964, 8.748309135000056], [3.666810989000055, 8.971369744000128], [3.7381041050001045, 9.026544570000056], [3.7665610310000943, 9.139289856000119], [3.852123023000047, 9.18184757299997], [3.933592080000153, 9.141737938000176], [3.9696760180000865, 9.069184303000156], [4.039536000000055, 9.023010254000042], [4.232543946000135, 8.962420463000115], [4.268352032000109, 8.963655473000188], [4.314068793999979, 8.992635726000003], [4.335107803000028, 8.980051041000138], [4.337773800000093, 8.959242821000089], [4.300015926000071, 8.908437728000138], [4.248915196000041, 8.874935151000045], [4.234033108000062, 8.839660645000151], [4.200386047000109, 8.814856530000156], [4.1837530130000005, 8.742471696000166], [4.218222140000137, 8.632069588000036], [4.325335027000051, 8.444762231000027], [4.359198094000135, 8.311072349000028], [4.406816005000167, 8.242897034000123], [4.462796211000125, 8.20664501300007], [4.510857105000184, 8.065559387000121], [4.555828095000152, 8.033879280000178], [4.564240932000132, 7.982750894000162], [4.543181895000089, 7.940535068000088], [4.468050002000098, 7.916333199000178], [4.408607959000108, 7.852289200000087], [4.374193191000131, 7.837187768000092], [4.316299916000048, 7.926764013000081], [4.267601967000132, 7.956433773000072], [4.205179214000111, 7.893822194000052], [4.1904740330001005, 7.840782166000167], [4.152876853000066, 7.828733921999969], [4.07372999200004, 7.845770835000167], [4.059781074, 7.696515083000122], [4.0285639760001, 7.650446892000048], [4.035253049000119, 7.621264934999999], [4.085440158000154, 7.583726883000054], [4.148694992000173, 7.497289181000156], [4.114810944000055, 7.271321774000114], [4.077095985000142, 7.112482071000102], [3.981810092000046, 7.098255157000153]]]}}, {"type": "Feature", "properties": {"state": "Plateau", "lon": 9.618, "lat": 9.371}, "geometry": {"type": "Polygon", "coordinates": [[[10.585659981000049, 9.433507920000125], [10.593124389000025, 9.237898827000151], [10.630345345000023, 9.176033974999996], [10.647317886000053, 9.07934761000007], [10.653588293999974, 8.932931901000075], [10.624801634999983, 8.883397102000004], [10.428073882000035, 8.78917789500008], [10.24354362500003, 8.757263184000124], [10.203275680000047, 8.734127998000076], [10.170121192000067, 8.666802406000045], [10.093431473000123, 8.574850082000182], [9.978698730000076, 8.51443672300013], [9.854655267000169, 8.391270637000105], [9.744059562000075, 8.355941774000087], [9.615823745000057, 8.35070419300007], [9.551213265000115, 8.42759323100006], [9.38394260400014, 8.497280122000177], [9.22620773300008, 8.452428818000158], [9.09392738200006, 8.450019837000013], [9.034837723000123, 8.470908166000015], [8.95161628600016, 8.514477730000067], [8.932395935000102, 8.539489747000005], [8.931738854000002, 8.642162323000093], [8.883304595000084, 8.73134517700015], [8.939078331000019, 8.825441361000117], [9.002447128000028, 8.856785775000105], [9.04764461600007, 8.914704322000091], [9.0759773260001, 8.988759995000066], [9.026715278000154, 9.03331661300001], [8.98195266800019, 9.011655808000057], [8.922207833000016, 9.011606217000121], [8.801339149, 9.036350250000112], [8.770198822000168, 9.091080666999972], [8.760061265000104, 9.162948609000182], [8.664637566000124, 9.195697784000117], [8.690126418000034, 9.288622856000188], [8.678974153000013, 9.339074135000033], [8.617339135000066, 9.402055741000027], [8.547035218000019, 9.509775162000153], [8.562369346000139, 9.550986290000083], [8.559027672000013, 9.62687873900012], [8.587553024000158, 9.647358894000092], [8.593961715999967, 9.696711541000127], [8.631557464000082, 9.73874282800017], [8.631487845000095, 9.92910766600005], [8.67559433000008, 9.978322030000129], [8.641402245000108, 10.079820632999997], [8.663100242000155, 10.17395305700012], [8.67939567500008, 10.202754974000129], [8.766743660000088, 10.261734010000055], [8.791419982000093, 10.340683937000108], [8.90610790300019, 10.328055383000105], [8.957872392000127, 10.226598739000053], [8.960168839000175, 9.986515046000022], [9.137394904000189, 10.02163696200006], [9.16963958700012, 10.006258964000097], [9.194986343000153, 9.961200715000075], [9.203446389000078, 9.842307091000066], [9.15980625200018, 9.724865913000144], [9.245565415000158, 9.677118301000121], [9.311917305000122, 9.571723939000037], [9.502341270000045, 9.535266876000094], [9.664512634000118, 9.54465198600019], [9.735358239000163, 9.567297935000113], [9.78200721800016, 9.650800705000051], [9.858863831000065, 9.671666145000188], [9.862620353000182, 9.726277352000125], [9.811481476000097, 9.79132080200003], [9.816265106000174, 9.814322472000185], [9.865249633000133, 9.842946053000162], [10.357999801000062, 9.616427422000186], [10.560482979000028, 9.496699334000027], [10.585659981000049, 9.433507920000125]]]}}, {"type": "Feature", "properties": {"state": "Rivers", "lon": 6.806, "lat": 5.022}, "geometry": {"type": "MultiPolygon", "coordinates": [[[[7.222916000000168, 4.484028000000137], [7.19569400000006, 4.487362000000132], [7.215140000000133, 4.5081950000000575], [7.22736100000003, 4.497639000000106], [7.231805000000065, 4.4979170000000295], [7.234583000000043, 4.503195000000062], [7.24014000000011, 4.501527000000124], [7.24014000000011, 4.495971999999995], [7.242084000000034, 4.494305999999995], [7.246806000000106, 4.493472000000111], [7.245694000000071, 4.487362000000132], [7.261805000000152, 4.47680500000007], [7.268472000000031, 4.477083000000164], [7.281805000000077, 4.4843060000000605], [7.2845830000001115, 4.474861000000146], [7.297640000000058, 4.46680600000019], [7.315973000000099, 4.478195000000142], [7.316805000000045, 4.438750000000141], [7.325971999999979, 4.4181950000000825], [7.2090270000001055, 4.380694000000005], [7.134862000000055, 4.384860000000117], [7.136806000000149, 4.4090280000001485], [7.151249000000064, 4.402362000000153], [7.1693060000001765, 4.4009710000001405], [7.1509730000001355, 4.403193000000158], [7.137084000000073, 4.415973000000122], [7.150417000000118, 4.416251000000045], [7.172639000000061, 4.458750000000123], [7.174583000000155, 4.447917000000132], [7.179305000000056, 4.441528000000119], [7.195138000000043, 4.435694000000069], [7.197638000000097, 4.435694000000069], [7.202917000000127, 4.438472000000047], [7.207083000000182, 4.448473000000149], [7.209583000000066, 4.4473610000001145], [7.210693000000106, 4.442638000000159], [7.2126400000000785, 4.441804000000047], [7.227917000000048, 4.447917000000132], [7.242640000000165, 4.437362000000064], [7.23430500000012, 4.4445830000001365], [7.248749999999973, 4.445973000000038], [7.23263900000012, 4.4473610000001145], [7.226807000000065, 4.472083000000168], [7.2134719999999675, 4.477917000000048], [7.219584000000168, 4.479861000000142], [7.222916000000168, 4.484028000000137]]], [[[7.225138001000062, 4.450139001000025], [7.226251001000151, 4.448195000000055], [7.2245819990000655, 4.448195000000055], [7.225138001000062, 4.450139001000025]]], [[[7.227639000000124, 4.455971000000034], [7.227639000000124, 4.454583000000127], [7.226529000000141, 4.456806000000029], [7.227639000000124, 4.455971000000034]]], [[[7.238471000000004, 4.536527000000035], [7.269306000000142, 4.495138000000111], [7.328750000000184, 4.492360000000133], [7.298750000000041, 4.468194000000096], [7.281251000000111, 4.485694000000137], [7.262361000000169, 4.477639000000124], [7.240415000000098, 4.502361000000178], [7.214584000000173, 4.511248999999964], [7.238471000000004, 4.536527000000035]]], [[[7.210971000000029, 4.467638000000079], [7.223750000000052, 4.447917000000132], [7.205695000000105, 4.448751000000016], [7.197916000000021, 4.436806000000047], [7.1798610000000735, 4.442082000000141], [7.184305000000052, 4.471526000000097], [7.189584000000025, 4.47180400000002], [7.192916000000025, 4.461528000000101], [7.195416000000137, 4.459584000000177], [7.197916000000021, 4.459584000000177], [7.199582000000021, 4.462638000000084], [7.199304000000097, 4.471251000000052], [7.205417000000182, 4.467638000000079], [7.210971000000029, 4.467638000000079]]], [[[7.1934720000000425, 4.48264000000006], [7.207639000000029, 4.46847200000019], [7.198751000000186, 4.472083000000168], [7.1934720000000425, 4.461806000000024], [7.1934720000000425, 4.48264000000006]]], [[[7.145139000000086, 4.519584000000066], [7.125417000000027, 4.493750000000034], [7.125695000000121, 4.481249000000048], [7.115694000000019, 4.485140000000115], [7.113472000000058, 4.4843060000000605], [7.1109720000001175, 4.479583000000048], [7.119304000000113, 4.5081950000000575], [7.145139000000086, 4.519584000000066]]], [[[7.10902800000008, 4.567084000000023], [7.115138000000059, 4.564305000000104], [7.134028000000171, 4.564027000000067], [7.175139000000172, 4.527917000000116], [7.1537490000001185, 4.464306000000079], [7.108750000000157, 4.464584000000173], [7.114306000000113, 4.484028000000137], [7.126249000000087, 4.480695000000026], [7.157640000000185, 4.53152700000004], [7.1445820000001845, 4.538471000000129], [7.119304000000113, 4.50874900000008], [7.10374900000005, 4.541250000000161], [7.095973000000072, 4.549307000000169], [7.083194000000049, 4.555973000000165], [7.087360000000103, 4.571250000000134], [7.080694000000108, 4.583195000000103], [7.104306000000179, 4.583748999000022], [7.10902800000008, 4.567084000000023]]], [[[7.286251000000107, 4.5454160000001025], [7.29069300000009, 4.530695000000094], [7.303194000000076, 4.5345830000001115], [7.304306000000054, 4.542084000000102], [7.310417000000143, 4.521806000000026], [7.318749000000082, 4.5190280000000485], [7.317083000000082, 4.515972000000147], [7.318193000000122, 4.512084000000129], [7.323472000000095, 4.509862000000169], [7.298750000000041, 4.505695000000173], [7.294584000000157, 4.510693000000174], [7.2893050000001836, 4.509027000000174], [7.286251000000107, 4.5454160000001025]]], [[[7.294584000000157, 4.544306000000063], [7.291249000000107, 4.5454160000001025], [7.291249000000107, 4.546250000000157], [7.294584000000157, 4.544306000000063]]], [[[7.294306000000063, 4.5454160000001025], [7.292361999999969, 4.551251000000036], [7.290417000000161, 4.543194000000085], [7.302084000000036, 4.534861000000035], [7.290971000000184, 4.532083], [7.288471000000072, 4.544306000000063], [7.285139000000072, 4.547084000000098], [7.297362000000135, 4.559583000000032], [7.303194000000076, 4.544584000000157], [7.299860000000081, 4.542084000000102], [7.298472000000174, 4.544027999999969], [7.295972000000063, 4.543472000000179], [7.295972000000063, 4.543750000000102], [7.29486200000008, 4.544027999999969], [7.29486200000008, 4.544306000000063], [7.294584000000157, 4.544306000000063], [7.294584000000157, 4.544584000000157], [7.294306000000063, 4.544584000000157], [7.294306000000063, 4.5454160000001025]]], [[[7.275138000000027, 4.552917000000036], [7.281528999999978, 4.545972000000063], [7.271528000000103, 4.542916000000162], [7.274860000000103, 4.547916000000157], [7.275138000000027, 4.552917000000036]]], [[[7.280973000000188, 4.556527000000131], [7.274584000000004, 4.553473000000054], [7.272916000000009, 4.555417000000148], [7.280973000000188, 4.556527000000131]]], [[[7.282361000000094, 4.557083000000148], [7.283751000000166, 4.55430500000017], [7.281528999999978, 4.554027000000076], [7.282361000000094, 4.557083000000148]]], [[[7.277085, 4.558751000000143], [7.274862000000098, 4.557917000000032], [7.274862000000098, 4.559027000000071], [7.277085, 4.558751000000143]]], [[[7.301528000000076, 4.558473000000049], [7.299860000000081, 4.558473000000049], [7.300416000000041, 4.559861000000126], [7.301528000000076, 4.558473000000049]]], [[[7.330416000000184, 4.44902900000011], [7.34263900000002, 4.486250000000155], [7.34958400000005, 4.488750000000039], [7.344861000000037, 4.481805000000065], [7.345418000000109, 4.479305000000124], [7.347084000000109, 4.477917000000048], [7.368195000000185, 4.477639000000124], [7.379306000000042, 4.485694000000137], [7.359581999999989, 4.478751000000159], [7.345418000000109, 4.481249000000048], [7.386251000000016, 4.506805000000156], [7.395139000000029, 4.495694000000128], [7.397639000000083, 4.495971999999995], [7.3965270000001055, 4.500695000000178], [7.403750000000173, 4.49680699999999], [7.406528000000151, 4.499307000000101], [7.41486100000003, 4.485694000000137], [7.472639000000072, 4.477361000000087], [7.528195000000153, 4.478195000000142], [7.546804000000122, 4.493750000000034], [7.5437500000000455, 4.480971000000125], [7.553751000000091, 4.4765270000001465], [7.556527000000074, 4.480695000000026], [7.557361000000185, 4.492360000000133], [7.567084000000136, 4.489028000000133], [7.577083000000016, 4.497360000000128], [7.58819299999999, 4.490972000000056], [7.578751000000011, 4.450139000000149], [7.419861000000026, 4.43486200000018], [7.330416000000184, 4.44902900000011]]], [[[7.317639000000099, 4.462638000000084], [7.316805000000045, 4.466528000000096], [7.317917000000023, 4.467084000000057], [7.317639000000099, 4.462638000000084]]], [[[7.479015999000069, 4.484363001000077], [7.479305000000068, 4.480695000000026], [7.475972999000021, 4.479305000000124], [7.479015999000069, 4.484363001000077]]], [[[7.47819300000009, 4.487362000000132], [7.478749000999983, 4.48569400100007], [7.477917000000161, 4.485418001000141], [7.47819300000009, 4.487362000000132]]], [[[7.548195000000078, 4.509862000000169], [7.570138000000043, 4.4979170000000295], [7.5551390000001675, 4.491528000000187], [7.553473000000167, 4.478473000000065], [7.5462500000001, 4.495971999999995], [7.527083000000175, 4.479861000000142], [7.49097200000017, 4.491528000000187], [7.504861000000005, 4.502361000000178], [7.534027000000037, 4.493194000000187], [7.548195000000078, 4.509862000000169]]], [[[7.472361000000035, 4.497639000000106], [7.47819300000009, 4.488750000000039], [7.43625000000003, 4.497082000000034], [7.480692999999974, 4.514306000000147], [7.472361000000035, 4.497639000000106]]], [[[7.444029000000057, 4.502361000000178], [7.442361000000062, 4.504027000000178], [7.44458300000008, 4.504027000000178], [7.444029000000057, 4.502361000000178]]], [[[7.4001400000000785, 4.514306000000147], [7.405694000000096, 4.49958300000003], [7.3965270000001055, 4.501527000000124], [7.395417000000123, 4.496529000000123], [7.3890270000000555, 4.508474000000092], [7.4001400000000785, 4.514306000000147]]], [[[7.327916000000073, 4.537084000000107], [7.329305999999974, 4.510693000000174], [7.325694000000112, 4.5081950000000575], [7.319305000000099, 4.520138000000031], [7.31069500000001, 4.525417000000061], [7.327916000000073, 4.537084000000107]]], [[[7.415973000000065, 4.5409720000000675], [7.407916000000057, 4.521806000000026], [7.384306000000038, 4.512640000000147], [7.381806000000154, 4.524304000000143], [7.415973000000065, 4.5409720000000675]]], [[[7.452361000000053, 4.514028000000053], [7.454306000000031, 4.509862000000169], [7.451527000000169, 4.509862000000169], [7.452361000000053, 4.514028000000053]]], [[[7.42097300000006, 4.522360000000049], [7.440973000000156, 4.504305000000102], [7.415139000000124, 4.488750000000039], [7.403193999999985, 4.517084000000125], [7.41180600000007, 4.521250000000066], [7.415417000000048, 4.536249000000112], [7.42097300000006, 4.522360000000049]]], [[[7.4637500000000045, 4.559583000000032], [7.497361000000126, 4.543472000000179], [7.507918000000188, 4.533195000000035], [7.517082000000073, 4.530973000000188], [7.528749000000175, 4.53736200000003], [7.542916000000105, 4.5134720000000925], [7.533196000000032, 4.496529000000123], [7.5040270000001215, 4.504583000000025], [7.4804180000001566, 4.490416000000039], [7.4745829999999955, 4.497639000000106], [7.485140000000058, 4.511528000000169], [7.480692999999974, 4.526805000000138], [7.454584000000125, 4.51458400000007], [7.421249000000159, 4.522638000000143], [7.418195000000026, 4.537918000000161], [7.4454169999999635, 4.533471000000134], [7.454306000000031, 4.553473000000054], [7.457916000000125, 4.541528000000085], [7.462084000000004, 4.53902800000003], [7.465416000000005, 4.540140000000179], [7.4637500000000045, 4.559583000000032]]], [[[7.447082999999964, 4.543194000000085], [7.4454169999999635, 4.544027999999969], [7.446805000000097, 4.5454160000001025], [7.447082999999964, 4.543194000000085]]], [[[7.376806000000158, 4.535416999999995], [7.388751000000127, 4.532083], [7.379028000000119, 4.525973000000022], [7.376806000000158, 4.535416999999995]]], [[[7.388751000000127, 4.56930600000004], [7.3965270000001055, 4.552361000000076], [7.39152700000011, 4.535139000000129], [7.38152800000006, 4.53736200000003], [7.375694000000124, 4.535139000000129], [7.378750000000025, 4.505139000000156], [7.360973000000172, 4.504861000000062], [7.373471000000052, 4.5409720000000675], [7.362082999999984, 4.52486000000016], [7.350694000000033, 4.5381960000000845], [7.380416000000025, 4.554029000000071], [7.364305000000172, 4.55152900000013], [7.36874899999998, 4.567084000000023], [7.388751000000127, 4.56930600000004]]], [[[7.343749000000059, 4.574584000000073], [7.34958400000005, 4.530695000000094], [7.3587500000001, 4.517916000000071], [7.350972000000127, 4.5026390000001015], [7.33347300000014, 4.530139000000133], [7.343749000000059, 4.574584000000073]]], [[[7.395417000000123, 4.538471000000129], [7.401527999999985, 4.536805000000129], [7.399861999999985, 4.533749], [7.395417000000123, 4.538471000000129]]], [[[7.327637999999979, 4.542638000000068], [7.324305999999979, 4.543750000000102], [7.325694000000112, 4.5454160000001025], [7.327637999999979, 4.542638000000068]]], [[[7.3056940000001305, 4.554027000000076], [7.323472000000095, 4.546806000000174], [7.3134730000000445, 4.536527000000035], [7.3056940000001305, 4.554027000000076]]], [[[7.3137490000001435, 4.584305000000086], [7.332916000000068, 4.5381960000000845], [7.329028000000051, 4.547359999999969], [7.310973000000104, 4.558473000000049], [7.3137490000001435, 4.584305000000086]]], [[[7.533196000000032, 4.545693999999969], [7.533283869000115, 4.545891635000089], [7.533384736000187, 4.545693999999969], [7.533196000000032, 4.545693999999969]]], [[[7.424027000000137, 4.55152900000013], [7.424027000000137, 4.548472000000174], [7.42180500000012, 4.548472000000174], [7.424027000000137, 4.55152900000013]]], [[[7.532083000000114, 4.546250000000157], [7.513471999999979, 4.533471000000134], [7.4773609999999735, 4.565418000000022], [7.477917000000161, 4.5856950000001575], [7.472361000000035, 4.590693000000158], [7.468473000000188, 4.569584000000134], [7.464584000000116, 4.568194000000005], [7.455140000000142, 4.574028000000112], [7.448471000000097, 4.573194000000001], [7.464306000000022, 4.562083000000143], [7.452361000000053, 4.557639000000165], [7.440973000000156, 4.542916000000162], [7.427084000000093, 4.572360000000117], [7.410694000000092, 4.54652800000008], [7.407916000000057, 4.5720840000001886], [7.396805000000029, 4.557639000000165], [7.38652900000011, 4.584861000000103], [7.365973000000167, 4.56930600000004], [7.345139000000131, 4.598472000000072], [7.3490280000000325, 4.574028000000112], [7.312917000000027, 4.607083000000046], [7.303750000000036, 4.596806000000072], [7.291805000000068, 4.610695000000078], [7.288471000000072, 4.5929150000001755], [7.265971000000036, 4.605973000000006], [7.278751, 4.589583000000175], [7.261805000000152, 4.581251000000179], [7.275972000000138, 4.566250000000139], [7.269862000000103, 4.566806000000099], [7.266806000000031, 4.559027000000071], [7.267918000000009, 4.53569600000003], [7.277916000000005, 4.542361999999969], [7.282083, 4.51541600000013], [7.288749000000166, 4.508474000000092], [7.29486200000008, 4.50708300000008], [7.271528000000103, 4.49847299999999], [7.259583000000134, 4.517916000000071], [7.268472000000031, 4.522638000000143], [7.269862000000103, 4.525417000000061], [7.269306000000142, 4.530139000000133], [7.252081999999973, 4.549585000000036], [7.259027000000174, 4.552917000000036], [7.261249000000134, 4.556527000000131], [7.256251000000134, 4.595694000000037], [7.252916999999968, 4.598472000000072], [7.2445840000000885, 4.597640000000126], [7.241250000000093, 4.6018060000000105], [7.251250000000084, 4.607639000000006], [7.253751000000079, 4.624862000000064], [7.263471000000152, 4.620416000000091], [7.261527000000058, 4.637917000000016], [7.24014000000011, 4.602360000000033], [7.244306000000165, 4.596806000000072], [7.255139000000156, 4.595972000000131], [7.251529000000062, 4.5481940000000805], [7.266806000000031, 4.522916000000066], [7.240971999999999, 4.542084000000102], [7.248194000000183, 4.573472000000095], [7.238749000000098, 4.5773600000001124], [7.2309730000001196, 4.60125000000005], [7.224582000000169, 4.599860000000149], [7.223750000000052, 4.6101390000001174], [7.215140000000133, 4.614027000000078], [7.220972000000074, 4.615139000000113], [7.221250000000168, 4.61708299999998], [7.219306000000074, 4.619583999999975], [7.223194000000035, 4.620694000000185], [7.221806000000129, 4.627084000000082], [7.225138000000129, 4.62236200000018], [7.227917000000048, 4.621806000000163], [7.232917000000043, 4.630694000000176], [7.226807000000065, 4.674306000000115], [7.215140000000133, 4.647084000000177], [7.215972000000079, 4.6445830000000115], [7.2198600000000965, 4.64319300000011], [7.219584000000168, 4.64097100000015], [7.207917000000066, 4.643471000000034], [7.205417000000182, 4.640695000000051], [7.201526999999999, 4.614027000000078], [7.196807000000092, 4.623750000000086], [7.176805000000172, 4.629582000000141], [7.173751000000095, 4.6504160000001775], [7.169028000000083, 4.657085000000052], [7.170694000000083, 4.6684730000001196], [7.180971000000056, 4.6612510000001635], [7.185971000000052, 4.660695000000146], [7.197638000000097, 4.675972000000115], [7.204860999999994, 4.675972000000115], [7.2118050000000835, 4.670417000000043], [7.215416000000062, 4.670417000000043], [7.244306000000165, 4.68208200000015], [7.2262510000000475, 4.690695000000119], [7.213750000000061, 4.6709710000000655], [7.203751000000182, 4.677916000000039], [7.193194000000119, 4.675694000000021], [7.185418000000141, 4.661805000000186], [7.170415999999989, 4.669583000000159], [7.161250000000109, 4.650138000000084], [7.161250000000109, 4.690972999999985], [7.174861000000078, 4.692083000000025], [7.192360000000065, 4.698471000000097], [7.200417041000094, 4.712081910000052], [7.19152784400012, 4.718194962000098], [7.200695037000003, 4.7218050960000255], [7.191249847000108, 4.730971813000053], [7.1779170040001645, 4.732361793000166], [7.1959719650000125, 4.725140095000029], [7.190137862000029, 4.717082977000018], [7.199304104000134, 4.710693837000065], [7.155695000000037, 4.699027000000058], [7.150139000000024, 4.662083000000052], [7.126527000000181, 4.672640000000115], [7.119304000000113, 4.7220830000001115], [7.102361000000144, 4.719861000000094], [7.0970830000001115, 4.737916000000098], [7.093473000000188, 4.729306000000179], [7.122361000000126, 4.697361000000058], [7.123473000000104, 4.673472000000061], [7.1109720000001175, 4.678472000000056], [7.115694000000019, 4.686807000000101], [7.114584000000036, 4.700140000000147], [7.113472000000058, 4.701528000000053], [7.10374900000005, 4.7012500000001864], [7.103471000000184, 4.706806000000142], [7.1018050000001836, 4.710416000000066], [7.100139000000183, 4.710138000000143], [7.102918000000045, 4.700694000000169], [7.113472000000058, 4.700140000000147], [7.105140000000063, 4.675140000000056], [7.084028000000103, 4.7220830000001115], [7.094583000000171, 4.747917000000143], [7.078750000000014, 4.73236200000008], [7.084306000000026, 4.755694000000062], [7.0634730000000445, 4.787916000000166], [7.075696000000107, 4.795139000000006], [7.082916000000125, 4.817916000000082], [7.0734710000000405, 4.795139000000006], [7.070417000000134, 4.803471000000002], [7.057640000000106, 4.812638000000163], [7.054583999999977, 4.81374999999997], [7.047917000000098, 4.8131940000001805], [7.047083000000043, 4.820973000000038], [7.047917000000098, 4.811806000000104], [7.069861000000174, 4.802917000000036], [7.0598600000000715, 4.787638000000072], [7.06847300000004, 4.775417000000175], [7.055416000000093, 4.766807000000085], [7.029028000000039, 4.7704170000001795], [7.029306000000133, 4.789860000000033], [7.020971000000088, 4.794583000000046], [7.009028999999998, 4.790138000000127], [7.027362000000039, 4.784862000000032], [7.026250000000061, 4.776527000000158], [7.0281940000001555, 4.7704170000001795], [7.031806000000074, 4.768195000000162], [7.055416000000093, 4.765138000000036], [7.05264000000011, 4.752640000000099], [7.041251000000102, 4.764027999999996], [7.039583000000107, 4.759306000000095], [7.060416000000089, 4.727362000000085], [7.027084000000173, 4.714861000000155], [7.01152900000011, 4.747917000000143], [7.032638000000134, 4.755418000000134], [7.01486100000011, 4.752918000000022], [7.010417000000132, 4.748195000000067], [7.011251000000186, 4.736806000000058], [7.00708400000002, 4.737084000000152], [7.008472000000097, 4.7731950000001575], [7.00041600000003, 4.774027000000103], [6.987917000000095, 4.768195000000162], [6.9881950000001325, 4.7731950000001575], [6.987361000000078, 4.77374900000018], [6.980416000000105, 4.772917000000064], [6.970140000000185, 4.801249000000041], [6.972362000000032, 4.77958400000017], [6.980694000000028, 4.77208300000018], [6.987083000000155, 4.7731950000001575], [6.987639000000172, 4.769861000000162], [6.964305000000024, 4.755694000000062], [6.965695000000096, 4.770695000000103], [6.939027000000181, 4.796251000000041], [6.925138000000118, 4.796251000000041], [6.915971000000184, 4.787916000000166], [6.910417000000166, 4.794304000000068], [6.899306000000081, 4.795695000000023], [6.897361999999987, 4.802083000000096], [6.892638000000147, 4.793195000000139], [6.884027000000117, 4.80402700000019], [6.82569500000011, 4.825973000000033], [6.806805000000168, 4.7909720000000675], [6.801527000000078, 4.803471000000002], [6.780971000000136, 4.805696000000069], [6.79013800000007, 4.818194000000176], [6.779583000000002, 4.824861000000055], [6.752639000000158, 4.807640000000163], [6.742082000000096, 4.839860000000101], [6.7395850000000905, 4.82402900000011], [6.721527000000094, 4.826251000000127], [6.709861999999987, 4.811250000000086], [6.704584000000125, 4.815138000000104], [6.70180600000009, 4.814862000000176], [6.700139999000044, 4.812084199000083], [6.709306000000026, 4.810138000000109], [6.718195000000094, 4.814028000000064], [6.7204170000000545, 4.821251000000132], [6.730694000000028, 4.817360000000065], [6.733750000000157, 4.801249000000041], [6.718195000000094, 4.7976390000001174], [6.721805000000188, 4.807640000000163], [6.719305000000077, 4.811806000000104], [6.716529000000094, 4.7987490000001], [6.717361000000153, 4.7973610000000235], [6.731528000000139, 4.795973000000117], [6.759584000000132, 4.7704170000001795], [6.753471000000104, 4.731806000000063], [6.773473000000024, 4.670417000000043], [6.825417000000186, 4.616805000000113], [6.816250000000025, 4.587083000000064], [6.792638000000181, 4.573750000000189], [6.790416000000164, 4.577916000000073], [6.796529000000078, 4.579861000000108], [6.800417000000039, 4.587917000000175], [6.799305000000061, 4.59041800000017], [6.795138000000065, 4.591249000000175], [6.789584000000104, 4.577916000000073], [6.822082000000137, 4.462638000000084], [6.808471000000168, 4.4518050000001494], [6.824305000000038, 4.4581940000001055], [6.832638999999972, 4.405416000000059], [6.872081999999978, 4.360138000000063], [6.77097300000014, 4.3470830000001115], [6.714304000000027, 4.359862000000135], [6.712916000000121, 4.403750000000059], [6.723195000000089, 4.408194000000037], [6.72541700000005, 4.414860000000033], [6.734306000000117, 4.412082000000055], [6.735416000000157, 4.420973000000117], [6.736806000000058, 4.415138000000127], [6.740138000000059, 4.4145820000001095], [6.747917000000086, 4.423473000000172], [6.751249000000087, 4.417917000000045], [6.765694000000167, 4.41375000000005], [6.766807000000028, 4.409306000000015], [6.781806000000131, 4.41375000000005], [6.747083000000032, 4.424861000000078], [6.740416000000096, 4.415694000000144], [6.73486000000014, 4.4220830000001], [6.733472000000063, 4.412916000000109], [6.724305000000072, 4.415694000000144], [6.716529000000094, 4.407640000000015], [6.709861999999987, 4.446529000000055], [6.728471000000127, 4.441528000000119], [6.733750000000157, 4.445973000000038], [6.737084000000095, 4.456527000000051], [6.76930700000014, 4.450973000000033], [6.771527000000162, 4.452917000000127], [6.772917000000064, 4.457640000000083], [6.751527000000181, 4.474583000000052], [6.7251390000001265, 4.443473000000154], [6.7112500000001205, 4.45236100000011], [6.724305000000072, 4.457918000000177], [6.736806000000058, 4.4709730000001855], [6.742082000000096, 4.481527000000142], [6.741529000000185, 4.485418000000038], [6.710694000000103, 4.455139000000088], [6.696527000000117, 4.495971999999995], [6.731528000000139, 4.570694000000117], [6.728471000000127, 4.614027000000078], [6.743473000000108, 4.613195000000189], [6.757915999999966, 4.622915999999975], [6.75819400000006, 4.627362000000176], [6.750139000000104, 4.632639000000154], [6.764306000000033, 4.637361000000055], [6.762916000000132, 4.652084000000173], [6.748751000000027, 4.633195000000114], [6.75652800000006, 4.623194000000069], [6.739028000000189, 4.614583000000096], [6.728471000000127, 4.6445830000000115], [6.719305000000077, 4.6504160000001775], [6.727918000000045, 4.662917000000164], [6.727362000000028, 4.664583000000164], [6.718473000000188, 4.652084000000173], [6.729306000000122, 4.620694000000185], [6.721251000000166, 4.612361000000078], [6.720139000000188, 4.644862000000046], [6.705694000000108, 4.655694000000096], [6.705416000000184, 4.659307000000069], [6.711527999999987, 4.666527000000087], [6.710972000000027, 4.667083000000048], [6.69680500000004, 4.65819399999998], [6.7179170000001704, 4.642083000000127], [6.712638000000027, 4.6079170000001], [6.6824260000001345, 4.620648000000074], [6.6427580000001285, 4.652007000000026], [6.600983000000099, 4.7533030000000736], [6.446399211000028, 4.716718197000034], [6.447517871000173, 4.771837235000021], [6.394096850000153, 4.795126914000093], [6.383666039000104, 4.821140766000099], [6.390291214000001, 4.888393879000091], [6.430158138000138, 4.95554018100006], [6.4307179460000725, 4.976062775000116], [6.396251201000155, 4.986106872999983], [6.4177250870001785, 5.057950020000021], [6.490188123000053, 5.184985160000053], [6.543836117000126, 5.190299989000096], [6.556029796000189, 5.230694772000049], [6.580937863000088, 5.243420123000021], [6.577258110000173, 5.272781849000069], [6.618093014000067, 5.314073086000178], [6.595139981000102, 5.379753114000152], [6.564188958000102, 5.3931999220001785], [6.504302979000158, 5.38775920900008], [6.490548134999983, 5.408063888000072], [6.550909043000047, 5.443026067000176], [6.553905964000137, 5.52879476600009], [6.598299026000063, 5.575792790000094], [6.6238322250001715, 5.641800881000108], [6.61095523900002, 5.71882915599997], [6.630042076000166, 5.6977539060000595], [6.668756008000059, 5.6943368910000345], [6.624269008000169, 5.48261022600002], [6.738873006000176, 5.473734856000021], [6.724382877000039, 5.305110932000048], [6.794559956000057, 5.218324185000142], [6.851221085000134, 5.195672036000019], [6.959770202000186, 5.197974206000083], [7.035666943000024, 5.179841042000078], [7.102668763000111, 5.197154997999974], [7.209970951000116, 5.179405213000166], [7.260307788000091, 5.19400596600002], [7.2718329430000495, 5.121137143000055], [7.1779508590000205, 4.983164788000181], [7.153150081000035, 4.90537977300005], [7.18620205000019, 4.864676953000071], [7.3287019730000225, 4.8820881840001675], [7.429505826000138, 4.862143040000149], [7.496375861000047, 4.817425917000094], [7.5380930000000035, 4.723489000000086], [7.522666000000072, 4.654311000000064], [7.532083000000114, 4.546250000000157]]], [[[7.451249000000075, 4.551251000000036], [7.452361000000053, 4.55319500000013], [7.4504170000001295, 4.547916000000157], [7.451249000000075, 4.551251000000036]]], [[[7.275972000000138, 4.564305000000104], [7.27208400000012, 4.559583000000032], [7.273472000000027, 4.564305000000104], [7.275972000000138, 4.564305000000104]]], [[[7.288194999999973, 4.578472999999974], [7.299584000000152, 4.561249000000032], [7.279029000000094, 4.559027000000071], [7.275416000000121, 4.5720840000001886], [7.288194999999973, 4.578472999999974]]], [[[7.285139000000072, 4.586527000000103], [7.3056940000001305, 4.582639000000086], [7.302084000000036, 4.579861000000108], [7.3054160000000365, 4.579307000000085], [7.303472000000113, 4.576529000000107], [7.307082000000037, 4.565693000000067], [7.3056940000001305, 4.560139000000049], [7.285139000000072, 4.586527000000103]]], [[[7.275138000000027, 4.5773600000001124], [7.272638000000143, 4.5781950000001075], [7.274862000000098, 4.579583000000184], [7.275138000000027, 4.5773600000001124]]], [[[7.270694000000049, 4.580695000000162], [7.270694000000049, 4.576529000000107], [7.267640000000142, 4.577916000000073], [7.270694000000049, 4.580695000000162]]], [[[7.273472000000027, 4.581527000000108], [7.272362000000044, 4.579307000000085], [7.271528000000103, 4.582083000000068], [7.273472000000027, 4.581527000000108]]], [[[7.14763900000014, 4.5209720000001425], [7.145695000000046, 4.522638000000143], [7.146807000000024, 4.52319400000016], [7.14763900000014, 4.5209720000001425]]], [[[7.146251000000063, 4.644305000000145], [7.173751000000095, 4.594306000000131], [7.165972000000181, 4.557639000000165], [7.130418000000077, 4.579861000000108], [7.132084000000077, 4.621528000000069], [7.122361000000126, 4.641249000000016], [7.146251000000063, 4.644305000000145]]], [[[7.231249000000048, 4.629306000000042], [7.221528000000035, 4.627916000000141], [7.214306000000079, 4.613473000000113], [7.242084000000034, 4.559861000000126], [7.177360999000086, 4.625138001000096], [7.2020830000001865, 4.613473000000113], [7.206251000000066, 4.625972000000047], [7.214028000000155, 4.626528000000064], [7.22569500000003, 4.631529000000114], [7.22736100000003, 4.638473000000033], [7.231249000000048, 4.629306000000042]]], [[[7.279582000000005, 4.595694000000037], [7.281528999999978, 4.592640000000131], [7.278751, 4.595694000000037], [7.279582000000005, 4.595694000000037]]], [[[6.970418000000109, 4.379584000000023], [6.969583999000122, 4.374583000000143], [6.968471001000012, 4.378749999000036], [6.970418000000109, 4.379584000000023]]], [[[6.925972000000058, 4.426805000000172], [6.94569400000006, 4.435972000000163], [6.949028000000055, 4.431250000000091], [6.952360000000056, 4.429305000000113], [6.959583000000123, 4.428749000000096], [6.956529000000046, 4.419029000000023], [6.964583000000118, 4.403193000000158], [6.952360000000056, 4.410972000000015], [6.935138999999992, 4.4118060000001265], [6.938472999999988, 4.422916999999984], [6.925972000000058, 4.426805000000172]]], [[[6.931527000000131, 4.595694000000037], [6.977084000000104, 4.592640000000131], [6.9818040000001815, 4.510971000000097], [6.966527000000042, 4.549585000000036], [6.918472000000122, 4.570694000000117], [6.931527000000131, 4.595694000000037]]], [[[6.998472000000163, 4.611805000000118], [7.007638000000043, 4.607639000000006], [7.003472000000102, 4.6018060000000105], [6.998472000000163, 4.611805000000118]]], [[[7.073749000000134, 4.560695000000067], [7.116807000000108, 4.512362000000053], [7.1054180000001566, 4.450973000000033], [7.060416000000089, 4.477917000000048], [7.075696000000107, 4.506249000000025], [7.05264000000011, 4.556805000000054], [7.073749000000134, 4.560695000000067]]], [[[7.032638000000134, 4.586527000000103], [7.070417000000134, 4.504861000000062], [7.056528000000071, 4.4948600000001875], [7.0543060000001105, 4.496529000000123], [7.0570840000000885, 4.50124900000003], [7.054028000000187, 4.50874900000008], [7.051528000000076, 4.510418000000129], [7.048474000000169, 4.509862000000169], [7.049305000000004, 4.51541600000013], [7.045973000000004, 4.5162500000000705], [7.060972000000106, 4.464584000000173], [7.0754170000001295, 4.447917000000132], [7.036807000000124, 4.435416000000146], [7.02236100000016, 4.444304000000159], [6.992917000000034, 4.590140000000076], [7.032638000000134, 4.586527000000103]]], [[[7.073749000000134, 4.568472000000099], [7.081806000000142, 4.559861000000126], [7.06958300000008, 4.5637490000001435], [7.073749000000134, 4.568472000000099]]], [[[7.0595839999999725, 4.568472000000099], [7.068195000000173, 4.562639000000104], [7.060416000000089, 4.559861000000126], [7.0595839999999725, 4.568472000000099]]], [[[7.049027000000137, 4.605973000000006], [7.044027000000142, 4.5929150000001755], [7.0501400000001695, 4.591249000000175], [7.058194000000071, 4.591527000000042], [7.063194000000067, 4.582361000000162], [7.053194000000076, 4.566528000000005], [7.04680500000012, 4.584027000000162], [7.027916000000062, 4.591806000000076], [7.0259719999999675, 4.596806000000072], [7.021249000000182, 4.5990280000000325], [7.024862000000155, 4.6018060000000105], [7.026250000000061, 4.605973000000006], [7.0259719999999675, 4.610973000000172], [7.038473000000124, 4.608195000000023], [7.042639000000008, 4.613749000000041], [7.049305000000004, 4.612083000000041], [7.054862000000071, 4.616249000000096], [7.049027000000137, 4.605973000000006]]], [[[7.0601380000001654, 4.626806000000158], [7.072083000000134, 4.623194000000069], [7.074861000000112, 4.614027000000078], [7.077918000000125, 4.6101390000001174], [7.070417000000134, 4.592640000000131], [7.0770840000000135, 4.56930600000004], [7.059028000000183, 4.594306000000131], [7.064861000000178, 4.602360000000033], [7.0634730000000445, 4.620972000000108], [7.0601380000001654, 4.626806000000158]]], [[[7.0351380000000745, 4.630138000000159], [7.062082000000089, 4.619028000000185], [7.05180600000017, 4.59208400000017], [7.055694000000187, 4.616249000000096], [7.0351380000000745, 4.630138000000159]]], [[[7.066251000000079, 4.636251000000016], [7.055972000000111, 4.644862000000046], [7.055694000000187, 4.6545840000001135], [7.051528000000076, 4.65819399999998], [7.047083000000043, 4.656250000000114], [7.062082000000089, 4.630138000000159], [7.03652900000003, 4.636805000000038], [7.020138999999972, 4.676250000000039], [7.002362000000119, 4.691249000000084], [7.005138000000102, 4.699584000000186], [7.0273619990001635, 4.7112500000001205], [7.041804999000021, 4.702916000000187], [7.078196000000048, 4.697918000000186], [7.095139000000188, 4.667361000000142], [7.089307000000076, 4.662917000000164], [7.088472000000081, 4.65430600000019], [7.0734710000000405, 4.67013900000012], [7.066804999000169, 4.671249000000159], [7.066529000000173, 4.6684730000001196], [7.118473000000108, 4.634029000000055], [7.130970999999988, 4.566806000000099], [7.111528000000135, 4.566250000000139], [7.106528000000139, 4.58458300000018], [7.071527000000174, 4.591249000000175], [7.078750000000014, 4.610417000000041], [7.066251000000079, 4.636251000000016]]], [[[6.909027000000094, 4.461250000000177], [6.910695000000089, 4.445973000000038], [6.927084000000036, 4.420973000000117], [6.936804999999993, 4.4220830000001], [6.932639000000108, 4.412082000000055], [6.966805000000136, 4.399861000000158], [6.964583000000118, 4.375418000000138], [6.8615270000000805, 4.397917000000064], [6.848751000000107, 4.440416000000141], [6.875695000000178, 4.439862000000119], [6.909027000000094, 4.461250000000177]]], [[[6.847360000000151, 4.448751000000016], [6.828195000000164, 4.504305000000102], [6.836528000000044, 4.50013899999999], [6.843750000000057, 4.50124900000003], [6.848751000000107, 4.503749000000084], [6.850417000000107, 4.500695000000178], [6.860139000000174, 4.496251000000029], [6.867916000000093, 4.487916000000155], [6.872081999999978, 4.488472000000115], [6.874028000000067, 4.477083000000164], [6.878195000000062, 4.4737510000001635], [6.8831950000000575, 4.474861000000146], [6.886527000000058, 4.477083000000164], [6.893750000000125, 4.485972000000061], [6.907639000000188, 4.471526000000097], [6.874028000000067, 4.441804000000047], [6.847360000000151, 4.448751000000016]]], [[[6.8140280000000075, 4.575972000000036], [6.856249000000048, 4.598472000000072], [6.869862000000182, 4.594306000000131], [6.876529000000062, 4.595416000000171], [6.879583000000139, 4.605695000000139], [6.890972000000147, 4.595416000000171], [6.9054170000001704, 4.605695000000139], [6.910417000000166, 4.596250000000055], [6.924028000000135, 4.589583000000175], [6.917362000000139, 4.56764000000004], [6.968196000000091, 4.537640000000067], [6.997918000000141, 4.420695000000023], [7.021804999999972, 4.402362000000153], [7.003750000000025, 4.3798620000001165], [6.9743060000001265, 4.382084000000077], [6.96180500000014, 4.429305000000113], [6.943470999999988, 4.443473000000154], [6.911527000000149, 4.449305000000038], [6.946806000000095, 4.545693999999969], [6.934583000000032, 4.548750000000098], [6.937639000000104, 4.522360000000049], [6.919862000000023, 4.511528000000169], [6.91402700000009, 4.532917000000111], [6.902638000000081, 4.53902800000003], [6.900972000000081, 4.55152900000013], [6.896806000000026, 4.553473000000054], [6.892362000000048, 4.56930600000004], [6.883473000000151, 4.580695000000162], [6.901804000000027, 4.538471000000129], [6.922916000000157, 4.506527000000062], [6.9079170000000545, 4.480417000000159], [6.893472000000031, 4.487362000000132], [6.878473000000156, 4.474583000000052], [6.873194000000183, 4.493472000000111], [6.8512510000000475, 4.50180499999999], [6.85819500000008, 4.512084000000129], [6.842916000000173, 4.51986200000016], [6.836806000000138, 4.514028000000053], [6.833193000000165, 4.5054170000000795], [6.821804000000043, 4.516528000000164], [6.8140280000000075, 4.575972000000036]]], [[[6.697360999000125, 4.450417000000016], [6.6973030000000335, 4.4502670000000535], [6.6972180000001345, 4.450417000000016], [6.697360999000125, 4.450417000000016]]], [[[6.754027000000065, 4.4629160000001775], [6.75652800000006, 4.460140000000024], [6.750695000000064, 4.460140000000024], [6.754027000000065, 4.4629160000001775]]], [[[6.699861000000112, 4.527639000000022], [6.70347200000009, 4.52319400000016], [6.700971000000152, 4.520694000000049], [6.699861000000112, 4.527639000000022]]], [[[6.723195000000089, 4.561527000000126], [6.722083000000055, 4.562639000000104], [6.722917000000166, 4.562918000000138], [6.723195000000089, 4.561527000000126]]], [[[6.848473000000013, 4.514028000000053], [6.8431940000000395, 4.50180499999999], [6.82736100000011, 4.505973000000097], [6.835140000000138, 4.504583000000025], [6.848473000000013, 4.514028000000053]]], [[[6.94402800000006, 4.541806000000179], [6.942083000000082, 4.537640000000067], [6.942083000000082, 4.541806000000179], [6.94402800000006, 4.541806000000179]]], [[[6.839028000000155, 4.657916000000114], [6.844584000000111, 4.647918000000118], [6.835140000000138, 4.647640000000024], [6.833193000000165, 4.645140000000083], [6.839028000000155, 4.657916000000114]]], [[[6.901250000000175, 4.67875000000015], [6.939305000000104, 4.600138000000072], [6.911805000000072, 4.5993060000001265], [6.910417000000166, 4.602360000000033], [6.9187500000000455, 4.608473000000117], [6.918194000000085, 4.610973000000172], [6.906526999999983, 4.61874899999998], [6.904029000000094, 4.617917999999975], [6.902082000000121, 4.613749000000041], [6.900693999999987, 4.614027000000078], [6.892084000000125, 4.621806000000163], [6.8895840000000135, 4.627084000000082], [6.887083000000018, 4.628750000000082], [6.884027000000117, 4.628750000000082], [6.88263900000004, 4.627638000000047], [6.899027999999987, 4.613749000000041], [6.917084000000045, 4.608195000000023], [6.900693999999987, 4.608473000000117], [6.892638000000147, 4.597084000000109], [6.881527000000062, 4.6079170000001], [6.841250000000173, 4.600416000000109], [6.818750000000136, 4.63986100000011], [6.852639000000124, 4.642083000000127], [6.845694000000151, 4.645971000000145], [6.840416000000062, 4.669305000000065], [6.833749000000182, 4.675694000000021], [6.8406940000001555, 4.681528000000128], [6.841250000000173, 4.688195000000178], [6.832638999999972, 4.675416000000155], [6.836528000000044, 4.660139000000186], [6.824583000000075, 4.673193000000083], [6.828473000000088, 4.710416000000066], [6.830695000000105, 4.710138000000143], [6.832638999999972, 4.702640000000088], [6.835140000000138, 4.701528000000053], [6.855417001000035, 4.706806000000142], [6.862914999000111, 4.717639000000133], [6.86569399900003, 4.704306000000088], [6.901250000000175, 4.67875000000015]]], [[[7.0415270000000305, 4.622638000000109], [7.0251400000000785, 4.6112490000001], [7.020138999999972, 4.59958400000005], [7.024584000000061, 4.594584000000054], [7.008194000000003, 4.597362000000032], [7.009582000000137, 4.610417000000041], [7.001250000000141, 4.628750000000082], [7.020693000000165, 4.617640000000108], [7.020693000000165, 4.63986100000011], [7.010138000000097, 4.648194000000046], [7.022918000000061, 4.659861000000092], [7.034860000000151, 4.628750000000082], [7.0415270000000305, 4.622638000000109]]], [[[6.962639000000024, 4.682638000000111], [6.984029000000078, 4.6173610000000735], [6.962639000000024, 4.612639000000172], [6.965695000000096, 4.628750000000082], [6.958751000000063, 4.633473000000038], [6.954306000000145, 4.606805000000122], [6.92069400000014, 4.6637510000000475], [6.938195000000121, 4.666251000000159], [6.942640000000154, 4.675140000000056], [6.943750000000023, 4.673750000000155], [6.952916000000073, 4.674306000000115], [6.962639000000024, 4.682638000000111]]], [[[7.0087500000000205, 4.666527000000087], [7.008194000000003, 4.647362000000101], [7.019583000000182, 4.6348610000001145], [6.995971000000168, 4.630138000000159], [6.9926390000001675, 4.642083000000127], [7.001528000000064, 4.648472000000083], [7.002916000000141, 4.65652799999998], [7.00041600000003, 4.665695000000142], [6.981528000000083, 4.67291500000016], [7.0087500000000205, 4.666527000000087]]], [[[6.987917000000095, 4.661805000000186], [7.001528000000064, 4.655138000000079], [6.9923610000000735, 4.648194000000046], [6.987917000000095, 4.661805000000186]]], [[[7.0970830000001115, 4.666527000000087], [7.10208300000005, 4.65652799999998], [7.089860000000044, 4.65652799999998], [7.0970830000001115, 4.666527000000087]]], [[[7.0215270000001055, 4.6609730000000695], [7.018751000000066, 4.6609730000000695], [7.021249000000182, 4.662083000000052], [7.0215270000001055, 4.6609730000000695]]], [[[7.003750000000025, 4.675140000000056], [7.020971000000088, 4.67013900000012], [7.018751000000066, 4.66263900000007], [7.003750000000025, 4.675140000000056]]], [[[6.980694000000028, 4.675972000000115], [6.978750000000105, 4.672640000000115], [6.976806000000181, 4.675694000000021], [6.980694000000028, 4.675972000000115]]], [[[7.0018060000001014, 4.678194000000133], [7.000972000000047, 4.6720840000001544], [6.997362000000123, 4.67180500000012], [7.0018060000001014, 4.678194000000133]]], [[[6.991805000000056, 4.679860000000133], [6.998194000000069, 4.679860000000133], [6.995971000000168, 4.676528000000133], [6.991805000000056, 4.679860000000133]]], [[[6.989583000000096, 4.677916000000039], [6.98347300000006, 4.68597299999999], [6.986529000000132, 4.691805000000102], [6.98875100000015, 4.690972999999985], [6.989583000000096, 4.677916000000039]]], [[[6.830417000000182, 4.654859999999985], [6.817360000000008, 4.6418050000000335], [6.808471000000168, 4.650138000000084], [6.817638000000102, 4.647640000000024], [6.830417000000182, 4.654859999999985]]], [[[6.797360999999967, 4.698749000000021], [6.832083000000182, 4.662361000000146], [6.818194000000119, 4.648750000000177], [6.7812490000000025, 4.668749000000048], [6.769029000000046, 4.734584000000098], [6.789028000000087, 4.74013900000017], [6.784306000000186, 4.757084000000134], [6.813750000000141, 4.754306000000099], [6.817084000000136, 4.756250000000023], [6.818194000000119, 4.763194000000112], [6.82625100000007, 4.765973000000031], [6.828473000000088, 4.753193000000067], [6.863193000000081, 4.720695000000035], [6.835418000000061, 4.702640000000088], [6.831527000000165, 4.710972000000027], [6.8276389999999765, 4.711804000000143], [6.817916000000025, 4.689583000000084], [6.798473000000172, 4.700140000000147], [6.803471000000172, 4.726248999999996], [6.794028999999966, 4.726248999999996], [6.797360999999967, 4.698749000000021]]], [[[6.907639000000188, 4.793473000000006], [6.9051390000000765, 4.76541600000013], [6.916806000000122, 4.751805000000161], [6.946250000000077, 4.754584000000023], [6.943750000000023, 4.747361000000126], [6.961249000000123, 4.733750000000157], [6.96180500000014, 4.686807000000101], [6.952916000000073, 4.675694000000021], [6.942918000000077, 4.676806000000056], [6.930139000000054, 4.665139000000181], [6.8668060000001105, 4.710138000000143], [6.88208300000008, 4.736250000000098], [6.866250000000093, 4.7812500000001705], [6.907639000000188, 4.793473000000006]]], [[[6.870972000000165, 4.746527000000071], [6.873194000000183, 4.744305000000054], [6.870694000000071, 4.743195000000071], [6.870972000000165, 4.746527000000071]]], [[[6.864862000000187, 4.783194000000037], [6.871250000000089, 4.728472000000124], [6.841806000000133, 4.742639000000054], [6.829304999999977, 4.754584000000023], [6.829304999999977, 4.764027999999996], [6.824583000000075, 4.767361000000108], [6.784584000000109, 4.759028000000001], [6.766528000000051, 4.740973000000054], [6.764028000000167, 4.775417000000175], [6.752083000000027, 4.7909720000000675], [6.779305000000136, 4.802639000000113], [6.801805000000172, 4.801805000000002], [6.804027000000133, 4.7909720000000675], [6.808471000000168, 4.789582000000166], [6.814584000000025, 4.7909720000000675], [6.828195000000164, 4.824305000000038], [6.88374900000008, 4.801249000000041], [6.864862000000187, 4.783194000000037]]], [[[6.91402700000009, 4.76013800000004], [6.913471000000072, 4.7576400000000945], [6.912639000000183, 4.76013800000004], [6.91402700000009, 4.76013800000004]]], [[[6.920972000000063, 4.760416000000134], [6.919306000000063, 4.760694000000001], [6.919584000000157, 4.762084000000129], [6.920972000000063, 4.760416000000134]]], [[[6.935973000000104, 4.78875000000005], [6.931527000000131, 4.771527000000162], [6.939305000000104, 4.75514000000004], [6.925972000000058, 4.772361000000103], [6.935973000000104, 4.78875000000005]]], [[[6.927359999000032, 4.783472000000131], [6.925138000000118, 4.772361000000103], [6.929860000000019, 4.7618060000000355], [6.927360000000135, 4.759306000000095], [6.9187500000000455, 4.7704170000001795], [6.927359999000032, 4.783472000000131]]], [[[7.353750000000105, 4.5537510000001475], [7.357915999999989, 4.548472000000174], [7.353472000000011, 4.54652800000008], [7.353750000000105, 4.5537510000001475]]], [[[7.355416000000105, 4.565972000000045], [7.357915999999989, 4.559583000000032], [7.355138000000011, 4.558473000000049], [7.355416000000105, 4.565972000000045]]], [[[7.402916000000062, 4.553473000000054], [7.401250000000061, 4.5501380000001745], [7.399861999999985, 4.551804000000175], [7.402916000000062, 4.553473000000054]]], [[[7.460416000000066, 4.557083000000148], [7.455696000000103, 4.555417000000148], [7.452361000000053, 4.5545830000000365], [7.460416000000066, 4.557083000000148]]], [[[7.385138000000154, 4.571806000000095], [7.38319400000006, 4.57263800000004], [7.38486000000006, 4.573194000000001], [7.385138000000154, 4.571806000000095]]], [[[7.330971999999974, 4.576529000000107], [7.339583000000118, 4.569028000000117], [7.3326379999999745, 4.565693000000067], [7.330971999999974, 4.576529000000107]]], [[[7.319584000000077, 4.590140000000076], [7.317917000000023, 4.590693000000158], [7.319305000000099, 4.591249000000175], [7.319584000000077, 4.590140000000076]]], [[[7.297916000000157, 4.586527000000103], [7.308195000000126, 4.591527000000042], [7.3093050000001085, 4.589027000000158], [7.297916000000157, 4.586527000000103]]], [[[7.120139000000108, 4.625972000000047], [7.131805999999983, 4.618471000000113], [7.128473000000099, 4.610973000000172], [7.120139000000108, 4.625972000000047]]], [[[7.1729170000001545, 4.638751000000127], [7.174305000000061, 4.632639000000154], [7.1729170000001545, 4.629582000000141], [7.1729170000001545, 4.638751000000127]]], [[[7.225138000000129, 4.632082000000082], [7.205973000000029, 4.637361000000055], [7.220416000000057, 4.64097100000015], [7.224860000000035, 4.65763800000002], [7.225138000000129, 4.632082000000082]]], [[[7.105972000000179, 4.665139000000181], [7.131805999999983, 4.652084000000173], [7.125695000000121, 4.648472000000083], [7.121527000000015, 4.641249000000016], [7.120973000000049, 4.636805000000038], [7.10041700000005, 4.655138000000079], [7.104862000000139, 4.6584730000001855], [7.105972000000179, 4.665139000000181]]], [[[7.15680500000002, 4.6709710000000655], [7.159306000000186, 4.664861000000087], [7.155695000000037, 4.663473000000181], [7.15680500000002, 4.6709710000000655]]], [[[6.990139000000056, 4.687917000000084], [7.003750000000025, 4.68597299999999], [7.001250000000141, 4.682638000000111], [6.990139000000056, 4.687917000000084]]], [[[6.995418000000029, 4.697361000000058], [6.978472000000181, 4.690972999999985], [6.972640000000126, 4.68041600000015], [6.972084000000109, 4.704028000000164], [6.980416000000105, 4.702640000000088], [6.985139000000061, 4.704306000000088], [6.987917000000095, 4.702362000000164], [6.995418000000029, 4.702362000000164], [7.000694000000124, 4.70736200000016], [6.995418000000029, 4.697361000000058]]], [[[7.094583000000171, 4.674306000000115], [7.098473000000183, 4.6720840000001544], [7.099305000000072, 4.6709710000000655], [7.094583000000171, 4.674306000000115]]], [[[7.078196000000048, 4.7220830000001115], [7.0754170000001295, 4.702640000000088], [7.036807000000124, 4.71236000000016], [7.047083000000043, 4.721527000000094], [7.078196000000048, 4.7220830000001115]]], [[[7.065139000000045, 4.727918000000102], [7.064307000000156, 4.729584000000102], [7.067083000000139, 4.7298620000000255], [7.065139000000045, 4.727918000000102]]], [[[7.004862000000003, 4.703194000000053], [7.000694000000124, 4.717083000000116], [6.990139000000056, 4.702916000000187], [6.9854170000001545, 4.704862000000048], [6.974583999999993, 4.704584000000125], [6.9698620000000915, 4.707916000000125], [6.962639000000024, 4.739582000000098], [6.932917000000032, 4.77208300000018], [6.939305000000104, 4.787362000000144], [6.964861000000042, 4.753471000000161], [7.006806000000097, 4.77208300000018], [7.00041600000003, 4.742639000000054], [7.022083000000066, 4.712082000000066], [7.004862000000003, 4.703194000000053]]], [[[7.0634730000000445, 4.760972000000095], [7.075139000000036, 4.73236200000008], [7.064581999999973, 4.7301380000001245], [7.062360000000183, 4.729028000000085], [7.0634730000000445, 4.760972000000095]]], [[[7.068195000000173, 4.760972000000095], [7.079028000000108, 4.757084000000134], [7.076527000000112, 4.746251000000143], [7.068195000000173, 4.760972000000095]]], [[[7.070417000000134, 4.768195000000162], [7.071527000000174, 4.76541600000013], [7.069861000000174, 4.765973000000031], [7.070417000000134, 4.768195000000162]]], [[[6.919584000000157, 4.787916000000166], [6.922916000000157, 4.784306000000072], [6.921528000000023, 4.784306000000072], [6.919584000000157, 4.787916000000166]]], [[[6.743195000000185, 4.8131940000001805], [6.755972000000099, 4.799583000000041], [6.744304999999997, 4.792638000000068], [6.743195000000185, 4.8131940000001805]]], [[[6.736528000000135, 4.809028000000069], [6.736806000000058, 4.8051390000001675], [6.7359720000001175, 4.806806000000108], [6.736528000000135, 4.809028000000069]]], [[[6.938195000000121, 4.793195000000139], [6.938749000000087, 4.789582000000166], [6.935973000000104, 4.789860000000033], [6.926250000000152, 4.785416000000055], [6.938195000000121, 4.793195000000139]]]]}}, {"type": "Feature", "properties": {"state": "Sokoto", "lon": 5.249, "lat": 12.678}, "geometry": {"type": "Polygon", "coordinates": [[[4.997251035000147, 11.665166854000176], [4.969767094000133, 11.694170953000025], [4.936760903000049, 11.682704925999985], [4.878872871000169, 11.694505691000018], [4.685029984000153, 11.60778999300004], [4.618696212999964, 11.538454056000148], [4.561402797000085, 11.551196098000162], [4.52026510200011, 11.609382630000084], [4.581151962000149, 11.774950981000075], [4.615509987000166, 11.93074989400003], [4.602746964000062, 12.13820362000007], [4.60501384700018, 12.296176910000042], [4.62118005800005, 12.356168747000027], [4.641881943000101, 12.379726410000103], [4.705716134000056, 12.398463249000088], [4.7490029330000425, 12.398722648000103], [4.800279140000043, 12.366284370000074], [4.816649914000095, 12.36693096099998], [4.827033996000068, 12.391757964000135], [4.830941200000041, 12.519038201000114], [4.803133011000057, 12.639032364000116], [4.8270678530001305, 12.787784577000025], [4.767948150000166, 12.889641762000053], [4.822363853000127, 13.095778466000013], [4.815978051000059, 13.115566253999987], [4.779800893000072, 13.124623298000131], [4.739509105000025, 13.066204071000072], [4.699965954000163, 13.050514221000014], [4.4483847630000355, 13.143491745000176], [4.340850829000033, 13.22817134799999], [4.266116142000044, 13.203075409000007], [4.128958225000076, 13.212648392999995], [4.130453110000019, 13.472638131000167], [4.1974120150000545, 13.472976684000002], [4.464822768000033, 13.70329475400007], [4.870658875000174, 13.782539368000073], [4.9095211040001345, 13.748608590000174], [5.2704877860000465, 13.74610042500018], [5.35534715700004, 13.84490013200002], [5.526512146000016, 13.892009735000102], [5.753159046000064, 13.794417382000177], [6.084767818000046, 13.679957391000073], [6.149414062000119, 13.64283371100015], [6.224427222000145, 13.666443824999988], [6.283351898000035, 13.666745186000185], [6.421308040000042, 13.60157108300001], [6.677712918000054, 13.355571748000102], [6.774363994000055, 13.190747262000059], [6.610752105000074, 13.086196900000004], [6.457183839000038, 13.106539726000108], [6.36236715299998, 13.16021823900013], [6.281991005000123, 13.163212776000023], [6.26069879400012, 13.046603201999972], [6.163987160000147, 13.065800667000076], [6.0856251730000395, 13.041112900000087], [6.049737931000095, 13.001216888000101], [6.063422203000073, 12.785965918999977], [5.976420878000113, 12.744093894000002], [5.716175078000106, 12.71660327900014], [5.622054100000071, 12.580447198000115], [5.542071820000103, 12.520417212999973], [5.57661914900018, 12.33357620300012], [5.564667224000061, 12.285414696000032], [5.524868966000156, 12.25840282500019], [5.2130699160001654, 12.244194984000103], [5.062429904000112, 12.270655632000114], [5.047597884000027, 12.261252404000174], [5.032546044000071, 12.189497948999986], [5.02347993900014, 11.680648804000043], [4.997251035000147, 11.665166854000176]]]}}, {"type": "Feature", "properties": {"state": "Taraba", "lon": 10.359, "lat": 8.005}, "geometry": {"type": "Polygon", "coordinates": [[[10.153351784000051, 7.038451672000122], [9.863946915000156, 6.776453495000169], [9.779424667000114, 6.794529915000112], [9.762715339000124, 6.759293079000145], [9.764412881000055, 6.6807127010000045], [9.75065231300016, 6.67832231400007], [9.70634555700002, 6.515554429000133], [9.645057678000114, 6.523581028000137], [9.675789833000124, 6.655611038000131], [9.671729088000177, 6.826402188000145], [9.705828666000173, 7.0119471550001435], [9.759229660000074, 7.111429214000111], [9.879684447000045, 7.218272209000077], [9.874984742000095, 7.313741207000078], [9.913417816000049, 7.408682822999992], [9.918083191000164, 7.506199838000157], [9.901386261000141, 7.538643838000155], [9.611484527000016, 7.830706119000183], [9.490560531000085, 7.859100819000162], [9.35849762000015, 7.866934777000154], [9.23781108899999, 7.851490975000047], [9.138954162000061, 7.8091292380000255], [9.108222007000052, 7.8183641430000534], [9.18026828800015, 7.929656983000029], [9.370420456000033, 8.05311965900006], [9.359149933000026, 8.172221185000069], [9.29870510100011, 8.234481812000183], [9.310512544000176, 8.28045654400006], [9.361599923000028, 8.329891204999967], [9.42688846700014, 8.297099114000048], [9.562025070000004, 8.284549713000047], [9.615531922000173, 8.351235391000102], [9.677630424000085, 8.347155572000133], [9.815325737000137, 8.372125625000024], [9.854655267000169, 8.391270637000105], [9.978698730000076, 8.51443672300013], [10.093431473000123, 8.574850082000182], [10.170121192000067, 8.666802406000045], [10.203275680000047, 8.734127998000076], [10.24354362500003, 8.757263184000124], [10.428073882000035, 8.78917789500008], [10.624801634999983, 8.883397102000004], [10.653588293999974, 8.932931901000075], [10.647317886000053, 9.07934761000007], [10.630345345000023, 9.176033974999996], [10.593124389000025, 9.237898827000151], [10.589067459000091, 9.39902687200015], [10.560482979000028, 9.496699334000027], [10.569519042000138, 9.505137444000127], [10.63458442600006, 9.539207458000021], [10.729084015000069, 9.526689529000123], [10.900223732000086, 9.604409218], [11.111671447000106, 9.575388909000083], [11.525921821000168, 9.592028618000086], [11.637437819000127, 9.397926330000189], [11.746267319000026, 9.359952926000119], [11.831121445000178, 9.202289581000116], [11.829197883000177, 9.105801582000026], [11.87221908600003, 9.058594703999972], [11.939002038000126, 9.034943580999993], [11.975887299000021, 8.944297791000054], [11.95977401600004, 8.886054992000027], [11.862915040000075, 8.702215195000065], [11.862067222999997, 8.575984955000024], [11.763179779000097, 8.491947174000188], [11.623685837000039, 8.306682588000001], [11.480216027000154, 8.16669368800001], [11.400132179000138, 8.06436729600017], [11.440954207000061, 7.955886840000176], [11.531624794000152, 7.840829849000102], [11.575552940000023, 7.872815132000085], [11.621290207000072, 7.937424182000086], [11.647727966000048, 7.943618775000061], [11.695350648000044, 7.918499948000147], [11.84014892600004, 7.764057159000117], [11.857042312000033, 7.731558800000187], [11.847601889999964, 7.64314413000011], [11.89620590200019, 7.458443165000119], [11.915987014000109, 7.444363118000183], [11.96035003600008, 7.4949960710001164], [12.012373924000087, 7.507632733000094], [11.968306541000175, 7.479764939000063], [11.935762406000151, 7.379846097000041], [11.892290116000027, 7.348518372000115], [11.880680085000108, 7.307284354999979], [11.811295509000047, 7.233618737000086], [11.854255677000083, 7.2267704020000565], [11.835765838000157, 7.176637649999975], [11.873270035000019, 7.108400345000064], [11.871127129000001, 7.0794363030000795], [11.806859971000051, 7.081400872000188], [11.777203561000135, 7.048419477000039], [11.709923744000037, 7.05534887400006], [11.717101097000125, 7.031593323000152], [11.619240761000128, 6.976115226000047], [11.606627465000088, 6.911232471000062], [11.583251000000132, 6.908844949000013], [11.553371430000027, 6.859166623000135], [11.597304344000122, 6.801832198999989], [11.571569442999987, 6.7851347920001785], [11.585802077000096, 6.740593434000061], [11.551466941000115, 6.715818881000189], [11.554406166000035, 6.664743900000133], [11.496593475000054, 6.600743294000154], [11.463951110000039, 6.611292838000168], [11.418871879999983, 6.597208976000104], [11.425989151000124, 6.531850816000144], [11.356500625000137, 6.52567625100005], [11.350896835000128, 6.500007153000183], [11.280172348000121, 6.538589954000145], [11.245667458000128, 6.5231990830000655], [11.217862128000036, 6.539615155000149], [11.099142075000088, 6.521626472000094], [11.096622466999975, 6.682096004000186], [11.059892654000066, 6.716192246000105], [11.023064613000145, 6.712512494000123], [10.994278909000116, 6.687008381000112], [10.947082520000151, 6.688282490999995], [10.919232368999985, 6.708508014000074], [10.912993432000064, 6.765612125000018], [10.898317337000037, 6.7624802600001885], [10.820063590000188, 6.843799591000163], [10.841154098000118, 6.939635754000108], [10.78224754300004, 6.967989445000171], [10.765485763000129, 6.957441331000155], [10.738444328000128, 6.9901094440000975], [10.686524390000045, 7.015585423000061], [10.678020477000132, 7.042315006000024], [10.61291122300014, 7.0611248020001085], [10.59770202600015, 7.077906609000138], [10.601531030000046, 7.136364938000099], [10.572036743000126, 7.162285805000124], [10.540978432000145, 6.938623905000156], [10.490369795999982, 6.899660111000173], [10.463063239000064, 6.9147768020001195], [10.2170972830001, 6.888836861000129], [10.17406368200011, 6.93820476500008], [10.184515954000062, 6.966560841000103], [10.168615341000077, 7.000228881000112], [10.17949771900004, 7.011674882000079], [10.153351784000051, 7.038451672000122]]]}}, {"type": "Feature", "properties": {"state": "Yobe", "lon": 11.559, "lat": 12.049}, "geometry": {"type": "Polygon", "coordinates": [[[11.701054573000079, 10.594244004000018], [11.586809159000097, 10.602213860000063], [11.574290275000067, 10.70523071200006], [11.593720436000012, 10.894534110000052], [11.582837105000067, 10.972221375000117], [11.523401261000174, 11.026108741000087], [11.497941017000187, 11.009967804000155], [11.514047622000135, 11.03445720700006], [11.382018090000031, 11.193627358000185], [11.244874954000124, 11.29357910200008], [11.16163635300012, 11.330185890000052], [11.096309662000124, 11.332950592000032], [11.014210700000035, 11.294754982000029], [10.965202331000057, 11.300712585999975], [10.938859939000054, 11.325136185000133], [10.975417137000022, 11.554842949000033], [10.840611458000183, 11.887775421000129], [10.813304901000095, 12.142460822000032], [10.762315749000038, 12.216483116000177], [10.761118888000055, 12.306722642000068], [10.734446526000113, 12.404303552000044], [10.604721069000163, 12.507170677000147], [10.566946029000121, 12.73141670300015], [10.53124427900002, 12.785309791000088], [10.501429557000165, 12.79938984000006], [10.468501091000064, 12.78960132700007], [10.388019562000125, 12.824891090000051], [10.275282860000061, 12.784006119000026], [10.206043243000181, 12.96877575000019], [10.170383454000103, 12.988623620000169], [9.885578156000179, 12.884728432000145], [9.851731300000097, 12.82152652800005], [9.800957680000124, 12.792928695000057], [9.704039574000092, 12.804628373000128], [9.675053596000055, 12.82325744600007], [9.996533393000163, 13.163274763999993], [10.207091332000118, 13.267767906000074], [10.466402053000081, 13.282537460000185], [10.669219972000178, 13.356932641000128], [11.065131187000134, 13.375631333000058], [11.367590903999996, 13.372065545000112], [11.522038459000044, 13.353051187000176], [11.695807457000114, 13.287004472000149], [11.884561539000117, 13.246546745999979], [12.114126206000094, 13.090326309000034], [12.150888444000145, 13.108585359000188], [12.177431105999972, 13.098271371000124], [12.178559302999986, 13.12518978200012], [12.23023033200002, 13.10777092100011], [12.256979943000033, 13.114480973000184], [12.277681351000126, 13.080908775000069], [12.297377586000096, 13.096113205000108], [12.336835860000122, 13.071764945999973], [12.362399101000051, 13.090191841999967], [12.386404990000074, 13.076771736000182], [12.36092853600013, 12.883070947000022], [12.38089656699998, 12.821973801000183], [12.481809616000078, 12.732303619000163], [12.489641190000043, 12.672993660000088], [12.421627046000026, 12.557336808000002], [12.307467461000101, 12.457118989000094], [12.298615455999993, 12.42216777900012], [12.32649993800004, 12.361337661000107], [12.325632095000117, 12.269430162000162], [12.282438277999972, 11.954845428000112], [12.309858323000071, 11.836433412000133], [12.233587264000164, 11.690958023000121], [12.246278764000067, 11.654424668000104], [12.32561779000008, 11.657674790000044], [12.37615585300017, 11.598061562000055], [12.389696122000032, 11.544954301000189], [12.200364113000091, 11.293405533000168], [12.18595981499999, 11.247824670000114], [12.19489574400012, 11.087340355000094], [12.16121482800014, 11.038122176000172], [12.062541962000012, 10.979930877000129], [11.881325721999985, 10.931648254000095], [11.838437080000176, 10.900965691000124], [11.800794601000007, 10.811541556999998], [11.805223464000107, 10.67757892600008], [11.750283242000023, 10.605193139000107], [11.701054573000079, 10.594244004000018]]]}}, {"type": "Feature", "properties": {"state": "Zamfara", "lon": 6.096, "lat": 11.997}, "geometry": {"type": "Polygon", "coordinates": [[[6.821805232000145, 11.294777943000042], [6.774767876000055, 11.241463662000115], [6.727939999000171, 11.101512000000184], [6.6787340000001905, 11.052038001000028], [6.641130000000089, 11.027859000000092], [6.565055000000143, 11.018040000000155], [6.4367789990001825, 11.02705699900008], [6.34561499900019, 11.01199400000013], [6.260512828000174, 10.93674373600004], [6.214343999000107, 10.870446000000072], [6.166500008000185, 10.856340100000011], [6.142037869000092, 10.935110092000002], [6.027025999999978, 11.111254999000096], [6.010341001000143, 11.291896999000073], [5.9880210010001065, 11.345944001000134], [5.883138001000077, 11.410699000000022], [5.9162630000001855, 11.533219001000191], [5.916453999000112, 11.572499999000115], [5.893645000000163, 11.606707001000132], [5.74512500000003, 11.644786999000132], [5.685209000000043, 11.622492000000136], [5.53548299900001, 11.618374001000177], [5.476596832000041, 11.656782151000186], [5.430193900000063, 11.65856170700016], [5.385523000000035, 11.72009600000007], [5.327148914000077, 11.709854126000153], [5.265964000000054, 11.722540000000095], [5.235544068000024, 11.675779300000045], [5.133108000000107, 11.652429000000154], [5.06676101700009, 11.688370704000022], [5.02347993900014, 11.680648804000043], [5.032546044000071, 12.189497948999986], [5.047597884000027, 12.261252404000174], [5.062429904000112, 12.270655632000114], [5.2130699160001654, 12.244194984000103], [5.524868966000156, 12.25840282500019], [5.564667224000061, 12.285414696000032], [5.57661914900018, 12.33357620300012], [5.542071820000103, 12.520417212999973], [5.622054100000071, 12.580447198000115], [5.716175078000106, 12.71660327900014], [5.976420878000113, 12.744093894000002], [6.063422203000073, 12.785965918999977], [6.049737931000095, 13.001216888000101], [6.0856251730000395, 13.041112900000087], [6.163987160000147, 13.065800667000076], [6.26069879400012, 13.046603201999972], [6.281991005000123, 13.163212776000023], [6.36236715299998, 13.16021823900013], [6.457183839000038, 13.106539726000108], [6.610752105000074, 13.086196900000004], [6.774363994000055, 13.190747262000059], [6.928008078999994, 12.989852905000134], [7.063951016000033, 13.00124359199998], [7.0407128330001, 12.829715729000043], [7.055595875000165, 12.63607215999997], [7.07799720700018, 12.478502274000164], [7.099311829000044, 12.427654266000104], [7.092795848000094, 12.37098789300012], [7.127470970000161, 12.30548763400003], [7.1575732230000995, 12.173909188000096], [7.110589027000174, 12.034189224000158], [7.214989186000139, 11.960043907000056], [7.241888047000032, 11.9208517080001], [7.211287976000108, 11.880581856000106], [7.157444000000169, 11.893397331000074], [7.148550033000106, 11.842511177000006], [7.069612979000169, 11.779329301000132], [7.049066067000069, 11.793192863000058], [6.942241191000107, 11.791123391000099], [6.917959213000074, 11.777701378000188], [6.875076771000067, 11.588386536000144], [6.908430099000157, 11.540955543999985], [6.923057079000159, 11.482240677000163], [6.902461052000035, 11.347935676000134], [6.821805232000145, 11.294777943000042]]]}}]}